,,,608,,,,,
0.01,1.528070667,1.588389246,0,0,,,,
0.02,1.528070667,1.588389246,0,0,,,,
0.03,1.528070667,1.588389246,0,0,,,,
0.04,1.528070667,1.588389246,0,0,,,,
0.05,1.528070667,1.588389246,0,0,,,,
0.06,1.528070667,1.588389246,0,0,,,,
0.07,1.528070667,1.588389246,0,0,,,,
0.08,1.528070667,1.588389246,0,0,,,,
0.09,1.528070667,1.588389246,0,0,,,,
0.1,1.528070667,1.588389246,0,0,,,,
0.11,1.528070667,1.588389246,0,0,,,,
0.12,1.528070667,1.588389246,0,0,,,,
0.13,1.528070667,1.588389246,0,0,,,,
0.14,1.528070667,1.585875972,0,0,0.3,602,86.688,0
0.15,1.528070667,1.583362697,0,0,1.65,439,63.216,
0.16,1.528070667,1.575822875,0,0,2.94,332,47.808,
0.17,1.528070667,1.565769779,0,0,4.18,254,36.576,
0.18,1.528070667,1.553203408,0,0,5.38,193,27.792,
0.19,1.528070667,1.538123763,0,0,6.57,143,20.592,
0.2,1.528070667,1.520530844,0,0,7.77,101,14.544,
0.21,1.528070667,1.500424651,0,0,8.95,65,9.36,
0.22,1.528070667,1.477805184,0,0,10.11,34,4.896,
0.23,1.528070667,1.452672443,0,0,11.28,6,0.864,
0.24,1.528070667,1.425026428,0,0,,,,
0.25,1.528070667,1.394867138,0,0,,,,
0.26,1.528070667,1.362194575,0,-25.13274123,,,,
0.27,1.528070667,1.327008737,-0.251327412,-25.13274123,,,,
0.28,1.525557393,1.289309625,-0.502654825,-25.13274123,,,,
0.29,1.520530844,1.249097239,-0.753982237,-25.13274123,,,,
0.3,1.512991022,1.206371579,-1.005309649,-25.13274123,,,,
0.31,1.502937925,1.163645919,-1.256637061,-25.13274123,,,,
0.32,1.490371555,1.115893711,-1.507964474,-25.13274123,,,,
0.33,1.47529191,1.065628228,-1.759291886,-25.13274123,,,,
0.34,1.457698991,1.015362746,-2.010619298,-50.26548246,,,,
0.35,1.437592798,0.962583989,-2.513274123,0,,,,
0.36,1.412460057,0.907291958,-2.513274123,-50.26548246,,,,
0.37,1.387327316,0.849486654,-3.015928947,0,,,,
0.38,1.357168026,0.796707897,-3.015928947,-50.26548246,,,,
0.39,1.327008737,0.736389318,-3.518583772,-25.13274123,,,,
0.4,1.291822899,0.673557465,-3.769911184,-8.88E-14,,,,
0.41,1.254123787,0.610725612,-3.769911184,-50.26548246,,,,
0.42,1.216424675,0.547893759,-4.272566009,-25.13274123,,,,
0.43,1.173699015,0.482548632,-4.523893421,-4.44E-12,,,,
0.44,1.128460081,0.417203504,-4.523893421,-50.26548246,,,,
0.45,1.083221147,0.349345103,-5.026548246,-2.75E-12,,,,
0.46,1.032955665,0.281486702,-5.026548246,-25.13274123,,,,
0.47,0.982690182,0.2136283,-5.277875658,-25.13274123,,,,
0.48,0.929911425,0.145769899,-5.52920307,-25.13274123,,,,
0.49,0.874619395,0.077911498,-5.780530483,0,,,,
0.5,0.81681409,0.010053096,-5.780530483,-25.13274123,,,,
0.51,0.759008785,-0.057805305,-6.031857895,-25.13274123,,,,
0.52,0.698690206,-0.123150432,-6.283185307,0,,,,
0.53,0.635858353,-0.191008833,-6.283185307,-25.13274123,,,,
0.54,0.5730265,-0.256353961,-6.534512719,-1.15E-12,,,,
0.55,0.507681373,-0.319185814,-6.534512719,-6.13E-12,,,,
0.56,0.442336246,-0.384530941,-6.534512719,-25.13274123,,,,
0.57,0.376991118,-0.44484952,-6.785840132,-2.66E-13,,,,
0.58,0.309132717,-0.505168099,-6.785840132,0,,,,
0.59,0.241274316,-0.565486678,-6.785840132,1.78E-13,,,,
0.6,0.173415914,-0.620778708,-6.785840132,-1.78E-13,,,,
0.61,0.105557513,-0.676070739,-6.785840132,75.39822369,,,,
0.62,0.037699112,-0.728849496,-6.031857895,-75.39822369,,,,
0.63,-0.022619467,-0.779114978,-6.785840132,25.13274123,,,,
0.64,-0.090477868,-0.826867186,-6.534512719,3.55E-13,,,,
0.65,-0.155822996,-0.872106121,-6.534512719,-6.22E-13,,,,
0.66,-0.221168123,-0.917345055,-6.534512719,6.22E-13,,,,
0.67,-0.28651325,-0.957557441,-6.534512719,25.13274123,,,,
0.68,-0.351858377,-0.995256553,-6.283185307,25.13274123,,,,
0.69,-0.41469023,-1.032955665,-6.031857895,0,,,,
0.7,-0.475008809,-1.065628228,-6.031857895,25.13274123,,,,
0.71,-0.535327388,-1.095787518,-5.780530483,25.13274123,,,,
0.72,-0.593132693,-1.123433533,-5.52920307,0,,,,
0.73,-0.648424724,-1.148566274,-5.52920307,25.13274123,,,,
0.74,-0.703716754,-1.171185741,-5.277875658,0,,,,
0.75,-0.756495511,-1.191291934,-5.277875658,50.26548246,,,,
0.76,-0.809274268,-1.208884853,-4.775220833,50.26548246,,,,
0.77,-0.857026476,-1.221451224,-4.272566009,-25.13274123,,,,
0.78,-0.899752136,-1.234017594,-4.523893421,25.13274123,,,,
0.79,-0.94499107,-1.241557417,-4.272566009,25.13274123,,,,
0.8,-0.98771673,-1.249097239,-4.021238597,25.13274123,,,,
0.81,-1.027929116,-1.251610513,-3.769911184,25.13274123,,,,
0.82,-1.065628228,-1.251610513,-3.518583772,25.13274123,,,,
0.83,-1.100814066,-1.249097239,-3.26725636,2.22E-12,,,,
0.84,-1.133486629,-1.244070691,-3.26725636,50.26548246,,,,
0.85,-1.166159193,-1.236530868,-2.764601535,25.13274123,,,,
0.86,-1.193805208,-1.226477772,-2.513274123,-4.44E-12,,,,
0.87,-1.21893795,-1.213911401,-2.513274123,25.13274123,,,,
0.88,-1.244070691,-1.198831757,-2.261946711,25.13274123,,,,
0.89,-1.266690158,-1.181238838,-2.010619298,50.26548246,,,,
0.9,-1.286796351,-1.158619371,-1.507964474,0,,,,
0.91,-1.301875996,-1.135999904,-1.507964474,50.26548246,,,,
0.92,-1.31695564,-1.110867162,-1.005309649,-1.11E-12,,,,
0.93,-1.327008737,-1.083221147,-1.005309649,50.26548246,,,,
0.94,-1.337061833,-1.053061857,-0.502654825,0,,,,
0.95,-1.342088382,-1.020389294,-0.502654825,50.26548246,,,,
0.96,-1.34711493,-0.985203456,0,0,,,,
0.97,-1.34711493,-0.947504344,0,25.13274123,,,,
0.98,-1.34711493,-0.907291958,0.251327412,25.13274123,,,,
0.99,-1.344601656,-0.867079572,0.502654825,50.26548246,,,,
1,-1.339575107,-0.824353912,1.005309649,-2.22E-12,,,,
1.01,-1.329522011,-0.779114978,1.005309649,25.13274123,,,,
1.02,-1.319468915,-0.73136277,1.256637061,25.13274123,,,,
1.03,-1.306902544,-0.681097287,1.507964474,25.13274123,,,,
1.04,-1.291822899,-0.630831805,1.759291886,25.13274123,,,,
1.05,-1.27422998,-0.580566322,2.010619298,2.22E-12,,,,
1.06,-1.254123787,-0.525274292,2.010619298,50.26548246,,,,
1.07,-1.234017594,-0.472495535,2.513274123,-4.44E-12,,,,
1.08,-1.208884853,-0.41469023,2.513274123,25.13274123,,,,
1.09,-1.183752112,-0.3593982,2.764601535,50.26548246,,,,
1.1,-1.156106097,-0.301592895,3.26725636,-50.26548246,,,,
1.11,-1.123433533,-0.24378759,2.764601535,75.39822369,,,,
1.12,-1.095787518,-0.183469011,3.518583772,25.13274123,,,,
1.13,-1.06060168,-0.125663706,3.769911184,-1.11E-12,,,,
1.14,-1.022902568,-0.065345127,3.769911184,25.13274123,,,,
1.15,-0.985203456,-0.007539822,4.021238597,25.13274123,,,,
1.16,-0.94499107,0.052778757,4.272566009,25.13274123,,,,
1.17,-0.90226541,0.110584061,4.523893421,25.13274123,,,,
1.18,-0.857026476,0.168389366,4.775220833,0,,,,
1.19,-0.809274268,0.226194671,4.775220833,25.13274123,,,,
1.2,-0.761522059,0.283999976,5.026548246,2.22E-12,,,,
1.21,-0.711256577,0.341805281,5.026548246,25.13274123,,,,
1.22,-0.660991094,0.397097311,5.277875658,0,,,,
1.23,-0.608212338,0.449876068,5.277875658,25.13274123,,,,
1.24,-0.555433581,0.502654825,5.52920307,25.13274123,,,,
1.25,-0.50014155,0.555433581,5.780530483,-25.13274123,,,,
1.26,-0.442336246,0.605699064,5.52920307,25.13274123,,,,
1.27,-0.387044215,0.653451272,5.780530483,25.13274123,,,,
1.28,-0.32923891,0.696176932,6.031857895,-25.13274123,,,,
1.29,-0.268920331,0.736389318,5.780530483,25.13274123,,,,
1.3,-0.211115026,0.784141526,6.031857895,0,,,,
1.31,-0.150796447,0.821840638,6.031857895,-8.88E-14,,,,
1.32,-0.090477868,0.862053024,6.031857895,-25.13274123,,,,
1.33,-0.030159289,0.899752136,5.780530483,25.13274123,,,,
1.34,0.027646015,0.934937974,6.031857895,-25.13274123,,,,
1.35,0.087964594,0.967610537,5.780530483,-2.66E-13,,,,
1.36,0.145769899,0.997769827,5.780530483,1.33E-11,,,,
1.37,0.203575204,1.025415842,5.780530483,-1.33E-11,,,,
1.38,0.261380509,1.053061857,5.780530483,-25.13274123,,,,
1.39,0.319185814,1.078194599,5.52920307,-25.13274123,,,,
1.4,0.374477844,1.100814066,5.277875658,-5.33E-13,,,,
1.41,0.427256601,1.118406985,5.277875658,5.33E-13,,,,
1.42,0.480035357,1.135999904,5.277875658,-25.13274123,,,,
1.43,0.532814114,1.151079548,5.026548246,-25.13274123,,,,
1.44,0.583079597,1.161132645,4.775220833,-25.13274123,,,,
1.45,0.630831805,1.171185741,4.523893421,-25.13274123,,,,
1.46,0.676070739,1.17621229,4.272566009,0,,,,
1.47,0.718796399,1.181238838,4.272566009,-25.13274123,,,,
1.48,0.761522059,1.183752112,4.021238597,-25.13274123,,,,
1.49,0.801734445,1.183752112,3.769911184,-25.13274123,,,,
1.5,0.839433557,1.178725564,3.518583772,-25.13274123,,,,
1.51,0.874619395,1.173699015,3.26725636,-50.26548246,,,,
1.52,0.907291958,1.166159193,2.764601535,0,,,,
1.53,0.934937974,1.156106097,2.764601535,-25.13274123,,,,
1.54,0.962583989,1.143539726,2.513274123,-1.11E-12,,,,
1.55,0.98771673,1.128460081,2.513274123,-50.26548246,,,,
1.56,1.012849472,1.110867162,2.010619298,-25.13274123,,,,
1.57,1.032955665,1.090760969,1.759291886,-25.13274123,,,,
1.58,1.050548583,1.068141502,1.507964474,-25.13274123,,,,
1.59,1.065628228,1.045522035,1.256637061,-25.13274123,,,,
1.6,1.078194599,1.01787602,1.005309649,-25.13274123,,,,
1.61,1.088247695,0.992743279,0.753982237,-25.13274123,,,,
1.62,1.095787518,0.962583989,0.502654825,-25.13274123,,,,
1.63,1.100814066,0.929911425,0.251327412,-25.13274123,,,,
1.64,1.10332734,0.894725588,0,-50.26548246,,,,
1.65,1.10332734,0.85953975,-0.502654825,0,,,,
1.66,1.098300792,0.821840638,-0.502654825,-25.13274123,,,,
1.67,1.093274243,0.781628252,-0.753982237,-25.13274123,,,,
1.68,1.085734421,0.738902592,-1.005309649,-50.26548246,,,,
1.69,1.075681325,0.696176932,-1.507964474,0,,,,
1.7,1.06060168,0.653451272,-1.507964474,-25.13274123,,,,
1.71,1.045522035,0.605699064,-1.759291886,-25.13274123,,,,
1.72,1.027929116,0.560460129,-2.010619298,-25.13274123,,,,
1.73,1.007822923,0.510194647,-2.261946711,-25.13274123,,,,
1.74,0.985203456,0.462442439,-2.513274123,-25.13274123,,,,
1.75,0.960070715,0.412176956,-2.764601535,0,,,,
1.76,0.9324247,0.3593982,-2.764601535,-50.26548246,,,,
1.77,0.904778684,0.314159265,-3.26725636,0,,,,
1.78,0.872106121,0.261380509,-3.26725636,-25.13274123,,,,
1.79,0.839433557,0.208601752,-3.518583772,-25.13274123,,,,
1.8,0.804247719,0.155822996,-3.769911184,-25.13274123,,,,
1.81,0.766548607,0.103044239,-4.021238597,2.22E-12,,,,
1.82,0.726336222,0.050265482,-4.021238597,-25.13274123,,,,
1.83,0.686123836,-0.005026548,-4.272566009,-25.13274123,,,,
1.84,0.643398175,-0.055292031,-4.523893421,0,,,,
1.85,0.598159241,-0.108070787,-4.523893421,-25.13274123,,,,
1.86,0.552920307,-0.160849544,-4.775220833,-1.11E-11,,,,
1.87,0.505168099,-0.211115026,-4.775220833,-25.13274123,,,,
1.88,0.45741589,-0.261380509,-5.026548246,1.07E-12,,,,
1.89,0.407150408,-0.311645991,-5.026548246,-1.07E-12,,,,
1.9,0.356884925,-0.3593982,-5.026548246,5.33E-13,,,,
1.91,0.306619443,-0.407150408,-5.026548246,-25.13274123,,,,
1.92,0.256353961,-0.452389342,-5.277875658,5.33E-13,,,,
1.93,0.203575204,-0.497628276,-5.277875658,-2.66E-13,,,,
1.94,0.150796447,-0.537840662,-5.277875658,8.88E-14,,,,
1.95,0.098017691,-0.580566322,-5.277875658,25.13274123,,,,
1.96,0.045238934,-0.618265434,-5.026548246,-25.13274123,,,,
1.97,-0.005026548,-0.655964546,-5.277875658,1.78E-13,,,,
1.98,-0.057805305,-0.691150384,-5.277875658,25.13274123,,,,
1.99,-0.110584061,-0.723822947,-5.026548246,-1.12E-11,,,,
2,-0.160849544,-0.756495511,-5.026548246,50.26548246,,,,
2.01,-0.211115026,-0.784141526,-4.523893421,-50.26548246,,,,
2.02,-0.256353961,-0.811787542,-5.026548246,25.13274123,,,,
2.03,-0.306619443,-0.836920283,-4.775220833,25.13274123,,,,
2.04,-0.354371651,-0.85953975,-4.523893421,-25.13274123,,,,
2.05,-0.399610586,-0.879645943,-4.775220833,50.26548246,,,,
2.06,-0.447362794,-0.897238862,-4.272566009,1.84E-11,,,,
2.07,-0.490088454,-0.914831781,-4.272566009,-1.73E-11,,,,
2.08,-0.532814114,-0.927398151,-4.272566009,25.13274123,,,,
2.09,-0.575539774,-0.937451248,-4.021238597,25.13274123,,,,
2.1,-0.61575216,-0.94499107,-3.769911184,25.13274123,,,,
2.11,-0.653451272,-0.952530893,-3.518583772,-1.56E-11,,,,
2.12,-0.68863711,-0.955044167,-3.518583772,25.13274123,,,,
2.13,-0.723822947,-0.957557441,-3.26725636,25.13274123,,,,
2.14,-0.756495511,-0.955044167,-3.015928947,1.34E-11,,,,
2.15,-0.7866548,-0.952530893,-3.015928947,25.13274123,,,,
2.16,-0.81681409,-0.947504344,-2.764601535,25.13274123,,,,
2.17,-0.844460105,-0.937451248,-2.513274123,25.13274123,,,,
2.18,-0.869592847,-0.927398151,-2.261946711,25.13274123,,,,
2.19,-0.892212314,-0.914831781,-2.010619298,-6.75E-12,,,,
2.2,-0.912318507,-0.899752136,-2.010619298,50.26548246,,,,
2.21,-0.9324247,-0.882159217,-1.507964474,-5.60E-12,,,,
2.22,-0.947504344,-0.864566298,-1.507964474,25.13274123,,,,
2.23,-0.962583989,-0.841946831,-1.256637061,25.13274123,,,,
2.24,-0.97515036,-0.819327364,-1.005309649,25.13274123,,,,
2.25,-0.985203456,-0.794194623,-0.753982237,2.24E-12,,,,
2.26,-0.992743279,-0.766548607,-0.753982237,50.26548246,,,,
2.27,-1.000283101,-0.741415866,-0.251327412,-1.10E-12,,,,
2.28,-1.002796375,-0.711256577,-0.251327412,50.26548246,,,,
2.29,-1.005309649,-0.678584013,0.251327412,-3.34E-12,,,,
2.3,-1.002796375,-0.643398175,0.251327412,25.13274123,,,,
2.31,-1.000283101,-0.608212338,0.502654825,-2.22E-14,,,,
2.32,-0.995256553,-0.570513226,0.502654825,50.26548246,,,,
2.33,-0.990230004,-0.532814114,1.005309649,25.13274123,,,,
2.34,-0.980176908,-0.492601728,1.256637061,7.82E-12,,,,
2.35,-0.967610537,-0.452389342,1.256637061,25.13274123,,,,
2.36,-0.955044167,-0.409663682,1.507964474,25.13274123,,,,
2.37,-0.939964522,-0.366938022,1.759291886,-8.93E-12,,,,
2.38,-0.922371603,-0.321699088,1.759291886,25.13274123,,,,
2.39,-0.904778684,-0.276460154,2.010619298,50.26548246,,,,
2.4,-0.884672491,-0.231221219,2.513274123,-25.13274123,,,,
2.41,-0.85953975,-0.185982285,2.261946711,50.26548246,,,,
2.42,-0.836920283,-0.138230077,2.764601535,-25.13274123,,,,
2.43,-0.809274268,-0.090477868,2.513274123,50.26548246,,,,
2.44,-0.784141526,-0.045238934,3.015928947,25.13274123,,,,
2.45,-0.753982237,0.002513274,3.26725636,-1.45E-11,,,,
2.46,-0.721309673,0.050265482,3.26725636,25.13274123,,,,
2.47,-0.68863711,0.095504417,3.518583772,-1.56E-11,,,,
2.48,-0.653451272,0.143256625,3.518583772,25.13274123,,,,
2.49,-0.618265434,0.188495559,3.769911184,25.13274123,,,,
2.5,-0.580566322,0.233734493,4.021238597,-50.26548246,,,,
2.51,-0.540353936,0.278973428,3.518583772,50.26548246,,,,
2.52,-0.505168099,0.321699088,4.021238597,25.13274123,,,,
2.53,-0.464955713,0.364424748,4.272566009,2.01E-11,,,,
2.54,-0.422230053,0.407150408,4.272566009,25.13274123,,,,
2.55,-0.379504393,0.447362794,4.523893421,2.02E-11,,,,
2.56,-0.334265458,0.48757518,4.523893421,-1.98E-11,,,,
2.57,-0.289026524,0.525274292,4.523893421,1.98E-11,,,,
2.58,-0.24378759,0.562973404,4.523893421,-1.98E-11,,,,
2.59,-0.198548656,0.598159241,4.523893421,25.13274123,,,,
2.6,-0.153309721,0.633345079,4.775220833,-25.13274123,,,,
2.61,-0.105557513,0.666017643,4.523893421,25.13274123,,,,
2.62,-0.060318579,0.696176932,4.775220833,-25.13274123,,,,
2.63,-0.012566371,0.723822947,4.523893421,25.13274123,,,,
2.64,0.032672564,0.751468963,4.775220833,-25.13274123,,,,
2.65,0.080424772,0.776601704,4.523893421,2.01E-11,,,,
2.66,0.125663706,0.801734445,4.523893421,-2.04E-11,,,,
2.67,0.17090264,0.821840638,4.523893421,-25.13274123,,,,
2.68,0.216141575,0.841946831,4.272566009,-1.81E-11,,,,
2.69,0.258867235,0.857026476,4.272566009,1.84E-11,,,,
2.7,0.301592895,0.874619395,4.272566009,-25.13274123,,,,
2.71,0.344318555,0.887185765,4.021238597,1.73E-11,,,,
2.72,0.384530941,0.899752136,4.021238597,-25.13274123,,,,
2.73,0.424743327,0.907291958,3.769911184,1.73E-11,,,,
2.74,0.462442439,0.914831781,3.769911184,-25.13274123,,,,
2.75,0.50014155,0.919858329,3.518583772,-25.13274123,,,,
2.76,0.535327388,0.924884877,3.26725636,1.45E-11,,,,
2.77,0.567999952,0.924884877,3.26725636,-25.13274123,,,,
2.78,0.600672515,0.924884877,3.015928947,-25.13274123,,,,
2.79,0.630831805,0.919858329,2.764601535,-25.13274123,,,,
2.8,0.65847782,0.914831781,2.513274123,8.97E-12,,,,
2.81,0.683610561,0.907291958,2.513274123,-25.13274123,,,,
2.82,0.708743303,0.899752136,2.261946711,-25.13274123,,,,
2.83,0.73136277,0.887185765,2.010619298,-7.86E-12,,,,
2.84,0.751468963,0.874619395,2.010619298,-50.26548246,,,,
2.85,0.771575156,0.85953975,1.507964474,-25.13274123,,,,
2.86,0.7866548,0.841946831,1.256637061,3.38E-12,,,,
2.87,0.799221171,0.824353912,1.256637061,-25.13274123,,,,
2.88,0.811787542,0.804247719,1.005309649,-25.13274123,,,,
2.89,0.821840638,0.781628252,0.753982237,-25.13274123,,,,
2.9,0.829380461,0.756495511,0.502654825,-25.13274123,,,,
2.91,0.834407009,0.73136277,0.251327412,-25.13274123,,,,
2.92,0.836920283,0.703716754,0,-25.13274123,,,,
2.93,0.836920283,0.676070739,-0.251327412,1.11E-14,,,,
2.94,0.834407009,0.64591145,-0.251327412,-50.26548246,,,,
2.95,0.831893735,0.613238886,-0.753982237,4.46E-12,,,,
2.96,0.824353912,0.580566322,-0.753982237,-25.13274123,,,,
2.97,0.81681409,0.545380485,-1.005309649,-25.13274123,,,,
2.98,0.806760993,0.510194647,-1.256637061,-7.82E-12,,,,
2.99,0.794194623,0.472495535,-1.256637061,-25.13274123,,,,
3,0.781628252,0.434796423,-1.507964474,-25.13274123,,,,
3.01,0.766548607,0.397097311,-1.759291886,-25.13274123,,,,
3.02,0.748955689,0.356884925,-2.010619298,-25.13274123,,,,
3.03,0.728849496,0.316672539,-2.261946711,-8.97E-12,,,,
3.04,0.706230029,0.273946879,-2.261946711,-25.13274123,,,,
3.05,0.683610561,0.233734493,-2.513274123,-25.13274123,,,,
3.06,0.65847782,0.191008833,-2.764601535,1.23E-11,,,,
3.07,0.630831805,0.150796447,-2.764601535,-1.34E-11,,,,
3.08,0.603185789,0.108070787,-2.764601535,-50.26548246,,,,
3.09,0.575539774,0.065345127,-3.26725636,-1.56E-11,,,,
3.1,0.542867211,0.022619467,-3.26725636,1.39E-11,,,,
3.11,0.510194647,-0.020106193,-3.26725636,-25.13274123,,,,
3.12,0.477522083,-0.060318579,-3.518583772,-25.13274123,,,,
3.13,0.442336246,-0.103044239,-3.769911184,-1.67E-11,,,,
3.14,0.404637134,-0.143256625,-3.769911184,1.67E-11,,,,
3.15,0.366938022,-0.183469011,-3.769911184,-1.67E-11,,,,
3.16,0.32923891,-0.223681397,-3.769911184,-25.13274123,,,,
3.17,0.291539798,-0.263893783,-4.021238597,-1.82E-11,,,,
3.18,0.251327412,-0.301592895,-4.021238597,1.82E-11,,,,
3.19,0.211115026,-0.334265458,-4.021238597,-1.82E-11,,,,
3.2,0.17090264,-0.369451296,-4.021238597,1.79E-11,,,,
3.21,0.130690254,-0.404637134,-4.021238597,-25.13274123,,,,
3.22,0.090477868,-0.439822972,-4.272566009,25.13274123,,,,
3.23,0.047752208,-0.469982261,-4.021238597,-1.79E-11,,,,
3.24,0.007539822,-0.50014155,-4.021238597,0,,,,
3.25,-0.032672564,-0.53030084,-4.021238597,1.79E-11,,,,
3.26,-0.07288495,-0.557946855,-4.021238597,-1.79E-11,,,,
3.27,-0.113097336,-0.583079597,-4.021238597,1.77E-11,,,,
3.28,-0.153309721,-0.608212338,-4.021238597,25.13274123,,,,
3.29,-0.193522107,-0.630831805,-3.769911184,1.65E-11,,,,
3.3,-0.231221219,-0.650937998,-3.769911184,-1.65E-11,,,,
3.31,-0.268920331,-0.668530917,-3.769911184,25.13274123,,,,
3.32,-0.306619443,-0.686123836,-3.518583772,-1.45E-11,,,,
3.33,-0.341805281,-0.70120348,-3.518583772,1.51E-11,,,,
3.34,-0.376991118,-0.713769851,-3.518583772,25.13274123,,,,
3.35,-0.412176956,-0.723822947,-3.26725636,25.13274123,,,,
3.36,-0.44484952,-0.733876044,-3.015928947,-1.39E-11,,,,
3.37,-0.475008809,-0.738902592,-3.015928947,25.13274123,,,,
3.38,-0.505168099,-0.74392914,-2.764601535,-1.23E-11,,,,
3.39,-0.532814114,-0.746442414,-2.764601535,25.13274123,,,,
3.4,-0.560460129,-0.748955689,-2.513274123,-1.12E-11,,,,
3.41,-0.585592871,-0.746442414,-2.513274123,25.13274123,,,,
3.42,-0.610725612,-0.74392914,-2.261946711,25.13274123,,,,
3.43,-0.633345079,-0.738902592,-2.010619298,25.13274123,,,,
3.44,-0.653451272,-0.73136277,-1.759291886,-7.82E-12,,,,
3.45,-0.671044191,-0.721309673,-1.759291886,25.13274123,,,,
3.46,-0.68863711,-0.711256577,-1.507964474,-6.71E-12,,,,
3.47,-0.703716754,-0.698690206,-1.507964474,25.13274123,,,,
3.48,-0.718796399,-0.683610561,-1.256637061,25.13274123,,,,
3.49,-0.73136277,-0.668530917,-1.005309649,25.13274123,,,,
3.5,-0.741415866,-0.650937998,-0.753982237,2.24E-12,,,,
3.51,-0.748955689,-0.630831805,-0.753982237,25.13274123,,,,
3.52,-0.756495511,-0.610725612,-0.502654825,25.13274123,,,,
3.53,-0.761522059,-0.588106145,-0.251327412,-2.23E-12,,,,
3.54,-0.764035333,-0.562973404,-0.251327412,25.13274123,,,,
3.55,-0.766548607,-0.537840662,0,25.13274123,,,,
3.56,-0.766548607,-0.510194647,0.251327412,25.13274123,,,,
3.57,-0.764035333,-0.482548632,0.502654825,2.24E-12,,,,
3.58,-0.759008785,-0.452389342,0.502654825,25.13274123,,,,
3.59,-0.753982237,-0.422230053,0.753982237,25.13274123,,,,
3.6,-0.746442414,-0.389557489,1.005309649,-5.60E-12,,,,
3.61,-0.736389318,-0.356884925,1.005309649,25.13274123,,,,
3.62,-0.726336222,-0.324212362,1.256637061,25.13274123,,,,
3.63,-0.713769851,-0.289026524,1.507964474,4.49E-12,,,,
3.64,-0.698690206,-0.253840686,1.507964474,25.13274123,,,,
3.65,-0.683610561,-0.218654849,1.759291886,25.13274123,,,,
3.66,-0.666017643,-0.180955737,2.010619298,-8.97E-12,,,,
3.67,-0.64591145,-0.143256625,2.010619298,25.13274123,,,,
3.68,-0.625805257,-0.108070787,2.261946711,-1.01E-11,,,,
3.69,-0.603185789,-0.070371675,2.261946711,25.13274123,,,,
3.7,-0.580566322,-0.035185838,2.513274123,-1.12E-11,,,,
3.71,-0.555433581,0.002513274,2.513274123,25.13274123,,,,
3.72,-0.53030084,0.040212386,2.764601535,-1.17E-11,,,,
3.73,-0.502654825,0.075398224,2.764601535,25.13274123,,,,
3.74,-0.475008809,0.113097336,3.015928947,5.33E-13,,,,
3.75,-0.44484952,0.150796447,3.015928947,25.13274123,,,,
3.76,-0.41469023,0.185982285,3.26725636,-25.13274123,,,,
3.77,-0.382017667,0.221168123,3.015928947,50.26548246,,,,
3.78,-0.351858377,0.256353961,3.518583772,-25.13274123,,,,
3.79,-0.316672539,0.291539798,3.26725636,25.13274123,,,,
3.8,-0.283999976,0.326725636,3.518583772,1.59E-11,,,,
3.81,-0.248814138,0.3593982,3.518583772,-1.59E-11,,,,
3.82,-0.2136283,0.389557489,3.518583772,1.59E-11,,,,
3.83,-0.178442463,0.422230053,3.518583772,25.13274123,,,,
3.84,-0.143256625,0.452389342,3.769911184,-25.13274123,,,,
3.85,-0.105557513,0.480035357,3.518583772,25.13274123,,,,
3.86,-0.070371675,0.507681373,3.769911184,-25.13274123,,,,
3.87,-0.032672564,0.532814114,3.518583772,-1.56E-11,,,,
3.88,0.002513274,0.557946855,3.518583772,25.13274123,,,,
3.89,0.037699112,0.580566322,3.769911184,-25.13274123,,,,
3.9,0.075398224,0.603185789,3.518583772,1.59E-11,,,,
3.91,0.110584061,0.623291982,3.518583772,-25.13274123,,,,
3.92,0.145769899,0.640884901,3.26725636,25.13274123,,,,
3.93,0.178442463,0.65847782,3.518583772,-25.13274123,,,,
3.94,0.2136283,0.673557465,3.26725636,-25.13274123,,,,
3.95,0.246300864,0.68863711,3.015928947,-1.37E-11,,,,
3.96,0.276460154,0.698690206,3.015928947,1.34E-11,,,,
3.97,0.306619443,0.708743303,3.015928947,-1.34E-11,,,,
3.98,0.336778732,0.718796399,3.015928947,-25.13274123,,,,
3.99,0.366938022,0.723822947,2.764601535,5.33E-13,,,,
4,0.394584037,0.728849496,2.764601535,-25.13274123,,,,
4.01,0.422230053,0.733876044,2.513274123,-2.18E-11,,,,
4.02,0.447362794,0.733876044,2.513274123,-25.13274123,,,,
4.03,0.472495535,0.733876044,2.261946711,-25.13274123,,,,
4.04,0.495115002,0.73136277,2.010619298,1.11E-12,,,,
4.05,0.515221195,0.728849496,2.010619298,-25.13274123,,,,
4.06,0.535327388,0.723822947,1.759291886,1.56E-11,,,,
4.07,0.552920307,0.716283125,1.759291886,-25.13274123,,,,
4.08,0.570513226,0.708743303,1.507964474,-25.13274123,,,,
4.09,0.585592871,0.696176932,1.256637061,-25.13274123,,,,
4.1,0.598159241,0.686123836,1.005309649,8.95E-12,,,,
4.11,0.608212338,0.671044191,1.005309649,-25.13274123,,,,
4.12,0.618265434,0.655964546,0.753982237,0,,,,
4.13,0.625805257,0.640884901,0.753982237,-50.26548246,,,,
4.14,0.633345079,0.623291982,0.251327412,2.24E-12,,,,
4.15,0.635858353,0.603185789,0.251327412,-25.13274123,,,,
4.16,0.638371627,0.583079597,0,0,,,,
4.17,0.638371627,0.560460129,0,-25.13274123,,,,
4.18,0.638371627,0.537840662,-0.251327412,-25.13274123,,,,
4.19,0.635858353,0.512707921,-0.502654825,-25.13274123,,,,
4.2,0.630831805,0.48757518,-0.753982237,0,,,,
4.21,0.623291982,0.459929164,-0.753982237,-25.13274123,,,,
4.22,0.61575216,0.434796423,-1.005309649,-8.95E-12,,,,
4.23,0.605699064,0.407150408,-1.005309649,-25.13274123,,,,
4.24,0.595645967,0.379504393,-1.256637061,-25.13274123,,,,
4.25,0.583079597,0.346831829,-1.507964474,0,,,,
4.26,0.567999952,0.316672539,-1.507964474,-25.13274123,,,,
4.27,0.552920307,0.28651325,-1.759291886,-25.13274123,,,,
4.28,0.535327388,0.253840686,-2.010619298,1.11E-12,,,,
4.29,0.515221195,0.221168123,-2.010619298,5.77E-13,,,,
4.3,0.495115002,0.185982285,-2.010619298,-25.13274123,,,,
4.31,0.475008809,0.153309721,-2.261946711,-25.13274123,,,,
4.32,0.452389342,0.120637158,-2.513274123,0,,,,
4.33,0.427256601,0.08545132,-2.513274123,-5.33E-13,,,,
4.34,0.40212386,0.052778757,-2.513274123,-25.13274123,,,,
4.35,0.376991118,0.017592919,-2.764601535,-2.46E-11,,,,
4.36,0.349345103,-0.015079645,-2.764601535,0,,,,
4.37,0.321699088,-0.047752208,-2.764601535,-25.13274123,,,,
4.38,0.294053072,-0.082938046,-3.015928947,2.62E-11,,,,
4.39,0.263893783,-0.11561061,-3.015928947,-2.62E-11,,,,
4.4,0.233734493,-0.145769899,-3.015928947,0,,,,
4.41,0.203575204,-0.178442463,-3.015928947,-25.13274123,,,,
4.42,0.173415914,-0.208601752,-3.26725636,25.13274123,,,,
4.43,0.140743351,-0.241274316,-3.015928947,-25.13274123,,,,
4.44,0.110584061,-0.268920331,-3.26725636,-1.33E-13,,,,
4.45,0.077911498,-0.299079621,-3.26725636,25.13274123,,,,
4.46,0.045238934,-0.326725636,-3.015928947,-25.13274123,,,,
4.47,0.015079645,-0.351858377,-3.26725636,-2.90E-11,,,,
4.48,-0.017592919,-0.376991118,-3.26725636,50.26548246,,,,
4.49,-0.050265482,-0.40212386,-2.764601535,-25.13274123,,,,
4.5,-0.077911498,-0.427256601,-3.015928947,0,,,,
4.51,-0.108070787,-0.447362794,-3.015928947,2.69E-11,,,,
4.52,-0.138230077,-0.467468987,-3.015928947,-2.70E-11,,,,
4.53,-0.168389366,-0.48757518,-3.015928947,2.66E-13,,,,
4.54,-0.198548656,-0.502654825,-3.015928947,25.13274123,,,,
4.55,-0.228707945,-0.520247743,-2.764601535,2.48E-11,,,,
4.56,-0.256353961,-0.532814114,-2.764601535,-2.46E-11,,,,
4.57,-0.283999976,-0.545380485,-2.764601535,25.13274123,,,,
4.58,-0.311645991,-0.557946855,-2.513274123,25.13274123,,,,
4.59,-0.336778732,-0.565486678,-2.261946711,-25.13274123,,,,
4.6,-0.3593982,-0.575539774,-2.513274123,25.13274123,,,,
4.61,-0.384530941,-0.580566322,-2.261946711,25.13274123,,,,
4.62,-0.407150408,-0.585592871,-2.010619298,5.33E-13,,,,
4.63,-0.427256601,-0.588106145,-2.010619298,1.84E-11,,,,
4.64,-0.447362794,-0.588106145,-2.010619298,25.13274123,,,,
4.65,-0.467468987,-0.588106145,-1.759291886,0,,,,
4.66,-0.485061906,-0.585592871,-1.759291886,50.26548246,,,,
4.67,-0.502654825,-0.583079597,-1.256637061,-25.13274123,,,,
4.68,-0.515221195,-0.575539774,-1.507964474,25.13274123,,,,
4.69,-0.53030084,-0.570513226,-1.256637061,25.13274123,,,,
4.7,-0.542867211,-0.562973404,-1.005309649,0,,,,
4.71,-0.552920307,-0.552920307,-1.005309649,25.13274123,,,,
4.72,-0.562973404,-0.540353936,-0.753982237,25.13274123,,,,
4.73,-0.570513226,-0.527787566,-0.502654825,-2.22E-12,,,,
4.74,-0.575539774,-0.515221195,-0.502654825,1.11E-12,,,,
4.75,-0.580566322,-0.497628276,-0.502654825,50.26548246,,,,
4.76,-0.585592871,-0.482548632,0,0,,,,
4.77,-0.585592871,-0.464955713,0,0,,,,
4.78,-0.585592871,-0.44484952,0,25.13274123,,,,
4.79,-0.585592871,-0.424743327,0.251327412,25.13274123,,,,
4.8,-0.583079597,-0.40212386,0.502654825,-4.47E-12,,,,
4.81,-0.578053048,-0.379504393,0.502654825,25.13274123,,,,
4.82,-0.5730265,-0.356884925,0.753982237,0,,,,
4.83,-0.565486678,-0.331752184,0.753982237,25.13274123,,,,
4.84,-0.557946855,-0.306619443,1.005309649,-1.12E-11,,,,
4.85,-0.547893759,-0.278973428,1.005309649,25.13274123,,,,
4.86,-0.537840662,-0.253840686,1.256637061,0,,,,
4.87,-0.525274292,-0.226194671,1.256637061,25.13274123,,,,
4.88,-0.512707921,-0.198548656,1.507964474,-1.28E-11,,,,
4.89,-0.497628276,-0.168389366,1.507964474,25.13274123,,,,
4.9,-0.482548632,-0.140743351,1.759291886,-1.11E-12,,,,
4.91,-0.464955713,-0.110584061,1.759291886,25.13274123,,,,
4.92,-0.447362794,-0.080424772,2.010619298,-1.73E-11,,,,
4.93,-0.427256601,-0.050265482,2.010619298,25.13274123,,,,
4.94,-0.407150408,-0.022619467,2.261946711,-25.13274123,,,,
4.95,-0.384530941,0.007539822,2.010619298,50.26548246,,,,
4.96,-0.364424748,0.037699112,2.513274123,-25.13274123,,,,
4.97,-0.339292007,0.067858401,2.261946711,25.13274123,,,,
4.98,-0.316672539,0.098017691,2.513274123,0,,,,
4.99,-0.291539798,0.12817698,2.513274123,2.66E-13,,,,
5,-0.266407057,0.155822996,2.513274123,25.13274123,,,,
5.01,-0.241274316,0.183469011,2.764601535,-25.13274123,,,,
5.02,-0.2136283,0.2136283,2.513274123,25.13274123,,,,
5.03,-0.188495559,0.238761042,2.764601535,0,,,,
5.04,-0.160849544,0.266407057,2.764601535,-25.13274123,,,,
5.05,-0.133203529,0.294053072,2.513274123,25.13274123,,,,
5.06,-0.108070787,0.319185814,2.764601535,2.45E-11,,,,
5.07,-0.080424772,0.344318555,2.764601535,4.44E-14,,,,
5.08,-0.052778757,0.366938022,2.764601535,0,,,,
5.09,-0.025132741,0.389557489,2.764601535,-2.46E-11,,,,
5.1,0.002513274,0.412176956,2.764601535,2.46E-11,,,,
5.11,0.030159289,0.432283149,2.764601535,8.88E-14,,,,
5.12,0.057805305,0.452389342,2.764601535,-1.78E-13,,,,
5.13,0.08545132,0.469982261,2.764601535,-2.44E-11,,,,
5.14,0.113097336,0.48757518,2.764601535,-25.13274123,,,,
5.15,0.140743351,0.502654825,2.513274123,0,,,,
5.16,0.165876092,0.515221195,2.513274123,2.66E-13,,,,
5.17,0.191008833,0.53030084,2.513274123,-25.13274123,,,,
5.18,0.216141575,0.540353936,2.261946711,25.13274123,,,,
5.19,0.238761042,0.552920307,2.513274123,-50.26548246,,,,
5.2,0.263893783,0.560460129,2.010619298,25.13274123,,,,
5.21,0.283999976,0.567999952,2.261946711,-25.13274123,,,,
5.22,0.306619443,0.5730265,2.010619298,1.79E-11,,,,
5.23,0.326725636,0.578053048,2.010619298,-25.13274123,,,,
5.24,0.346831829,0.583079597,1.759291886,0,,,,
5.25,0.364424748,0.585592871,1.759291886,-25.13274123,,,,
5.26,0.382017667,0.585592871,1.507964474,-1.45E-11,,,,
5.27,0.397097311,0.583079597,1.507964474,-25.13274123,,,,
5.28,0.412176956,0.583079597,1.256637061,-1.11E-12,,,,
5.29,0.424743327,0.578053048,1.256637061,-25.13274123,,,,
5.3,0.437309697,0.5730265,1.005309649,-9.50E-12,,,,
5.31,0.447362794,0.567999952,1.005309649,-25.13274123,,,,
5.32,0.45741589,0.557946855,0.753982237,1.67E-12,,,,
5.33,0.464955713,0.550407033,0.753982237,-25.13274123,,,,
5.34,0.472495535,0.540353936,0.502654825,-25.13274123,,,,
5.35,0.477522083,0.527787566,0.251327412,2.24E-12,,,,
5.36,0.480035357,0.515221195,0.251327412,0,,,,
5.37,0.482548632,0.502654825,0.251327412,-50.26548246,,,,
5.38,0.485061906,0.48757518,-0.251327412,25.13274123,,,,
5.39,0.482548632,0.469982261,0,-50.26548246,,,,
5.4,0.482548632,0.452389342,-0.502654825,25.13274123,,,,
5.41,0.477522083,0.434796423,-0.251327412,-50.26548246,,,,
5.42,0.475008809,0.41469023,-0.753982237,7.80E-12,,,,
5.43,0.467468987,0.394584037,-0.753982237,-7.25E-12,,,,
5.44,0.459929164,0.374477844,-0.753982237,-25.13274123,,,,
5.45,0.452389342,0.351858377,-1.005309649,1.11E-12,,,,
5.46,0.442336246,0.32923891,-1.005309649,-25.13274123,,,,
5.47,0.432283149,0.306619443,-1.256637061,-1.17E-11,,,,
5.48,0.419716779,0.283999976,-1.256637061,-25.13274123,,,,
5.49,0.407150408,0.258867235,-1.507964474,0,,,,
5.5,0.392070763,0.233734493,-1.507964474,-25.13274123,,,,
5.51,0.376991118,0.208601752,-1.759291886,25.13274123,,,,
5.52,0.3593982,0.180955737,-1.507964474,-50.26548246,,,,
5.53,0.344318555,0.155822996,-2.010619298,25.13274123,,,,
5.54,0.324212362,0.130690254,-1.759291886,-25.13274123,,,,
5.55,0.306619443,0.103044239,-2.010619298,1.79E-11,,,,
5.56,0.28651325,0.077911498,-2.010619298,-25.13274123,,,,
5.57,0.266407057,0.050265482,-2.261946711,0,,,,
5.58,0.24378759,0.022619467,-2.261946711,25.13274123,,,,
5.59,0.221168123,-0.002513274,-2.010619298,-50.26548246,,,,
5.6,0.20106193,-0.030159289,-2.513274123,50.26548246,,,,
5.61,0.175929189,-0.057805305,-2.010619298,-25.13274123,,,,
5.62,0.155822996,-0.082938046,-2.261946711,-25.13274123,,,,
5.63,0.133203529,-0.108070787,-2.513274123,2.23E-11,,,,
5.64,0.108070787,-0.133203529,-2.513274123,25.13274123,,,,
5.65,0.082938046,-0.15833627,-2.261946711,-25.13274123,,,,
5.66,0.060318579,-0.183469011,-2.513274123,-4.44E-14,,,,
5.67,0.035185838,-0.208601752,-2.513274123,2.23E-11,,,,
5.68,0.010053096,-0.231221219,-2.513274123,25.13274123,,,,
5.69,-0.015079645,-0.251327412,-2.261946711,-25.13274123,,,,
5.7,-0.037699112,-0.273946879,-2.513274123,25.13274123,,,,
5.71,-0.062831853,-0.294053072,-2.261946711,-25.13274123,,,,
5.72,-0.08545132,-0.314159265,-2.513274123,25.13274123,,,,
5.73,-0.110584061,-0.331752184,-2.261946711,2.66E-13,,,,
5.74,-0.133203529,-0.349345103,-2.261946711,-2.66E-13,,,,
5.75,-0.155822996,-0.364424748,-2.261946711,25.13274123,,,,
5.76,-0.178442463,-0.379504393,-2.010619298,-25.13274123,,,,
5.77,-0.198548656,-0.392070763,-2.261946711,25.13274123,,,,
5.78,-0.221168123,-0.404637134,-2.010619298,0,,,,
5.79,-0.241274316,-0.41469023,-2.010619298,25.13274123,,,,
5.8,-0.261380509,-0.424743327,-1.759291886,1.56E-11,,,,
5.81,-0.278973428,-0.434796423,-1.759291886,-1.56E-11,,,,
5.82,-0.296566346,-0.442336246,-1.759291886,0,,,,
5.83,-0.314159265,-0.447362794,-1.759291886,25.13274123,,,,
5.84,-0.331752184,-0.452389342,-1.507964474,25.13274123,,,,
5.85,-0.346831829,-0.45741589,-1.256637061,-25.13274123,,,,
5.86,-0.3593982,-0.459929164,-1.507964474,25.13274123,,,,
5.87,-0.374477844,-0.459929164,-1.256637061,25.13274123,,,,
5.88,-0.387044215,-0.459929164,-1.005309649,9.50E-12,,,,
5.89,-0.397097311,-0.45741589,-1.005309649,-1.01E-11,,,,
5.9,-0.407150408,-0.454902616,-1.005309649,25.13274123,,,,
5.91,-0.417203504,-0.449876068,-0.753982237,25.13274123,,,,
5.92,-0.424743327,-0.442336246,-0.502654825,5.03E-12,,,,
5.93,-0.429769875,-0.437309697,-0.502654825,-5.03E-12,,,,
5.94,-0.434796423,-0.427256601,-0.502654825,25.13274123,,,,
5.95,-0.439822972,-0.419716779,-0.251327412,-5.55E-13,,,,
5.96,-0.442336246,-0.409663682,-0.251327412,25.13274123,,,,
5.97,-0.44484952,-0.397097311,0,0,,,,
5.98,-0.44484952,-0.384530941,0,0,,,,
5.99,-0.44484952,-0.369451296,0,50.26548246,,,,
6,-0.44484952,-0.356884925,0.502654825,-25.13274123,,,,
6.01,-0.439822972,-0.339292007,0.251327412,25.13274123,,,,
6.02,-0.437309697,-0.324212362,0.502654825,25.13274123,,,,
6.03,-0.432283149,-0.306619443,0.753982237,-25.13274123,,,,
6.04,-0.424743327,-0.28651325,0.502654825,50.26548246,,,,
6.05,-0.419716779,-0.268920331,1.005309649,-25.13274123,,,,
6.06,-0.409663682,-0.248814138,0.753982237,25.13274123,,,,
6.07,-0.40212386,-0.228707945,1.005309649,25.13274123,,,,
6.08,-0.392070763,-0.206088478,1.256637061,-25.13274123,,,,
6.09,-0.379504393,-0.185982285,1.005309649,50.26548246,,,,
6.1,-0.369451296,-0.163362818,1.507964474,-25.13274123,,,,
6.11,-0.354371651,-0.140743351,1.256637061,25.13274123,,,,
6.12,-0.341805281,-0.118123884,1.507964474,-5.55E-13,,,,
6.13,-0.326725636,-0.095504417,1.507964474,25.13274123,,,,
6.14,-0.311645991,-0.07288495,1.759291886,-25.13274123,,,,
6.15,-0.294053072,-0.047752208,1.507964474,25.13274123,,,,
6.16,-0.278973428,-0.025132741,1.759291886,2.66E-13,,,,
6.17,-0.261380509,0,1.759291886,25.13274123,,,,
6.18,-0.24378759,0.022619467,2.010619298,-25.13274123,,,,
6.19,-0.223681397,0.045238934,1.759291886,25.13274123,,,,
6.2,-0.206088478,0.070371675,2.010619298,5.77E-13,,,,
6.21,-0.185982285,0.092991143,2.010619298,-1.82E-11,,,,
6.22,-0.165876092,0.11561061,2.010619298,25.13274123,,,,
6.23,-0.145769899,0.138230077,2.261946711,-25.13274123,,,,
6.24,-0.123150432,0.160849544,2.010619298,-1.33E-13,,,,
6.25,-0.103044239,0.183469011,2.010619298,0,,,,
6.26,-0.082938046,0.203575204,2.010619298,-1.78E-11,,,,
6.27,-0.062831853,0.223681397,2.010619298,25.13274123,,,,
6.28,-0.04272566,0.246300864,2.261946711,-25.13274123,,,,
6.29,-0.020106193,0.263893783,2.010619298,25.13274123,,,,
6.3,0,0.283999976,2.261946711,-25.13274123,,,,
6.31,0.022619467,0.301592895,2.010619298,1.78E-11,,,,
6.32,0.04272566,0.319185814,2.010619298,-4.44E-14,,,,
6.33,0.062831853,0.336778732,2.010619298,0,,,,
6.34,0.082938046,0.351858377,2.010619298,-1.77E-11,,,,
6.35,0.103044239,0.366938022,2.010619298,1.79E-11,,,,
6.36,0.123150432,0.379504393,2.010619298,-25.13274123,,,,
6.37,0.143256625,0.392070763,1.759291886,2.66E-13,,,,
6.38,0.160849544,0.404637134,1.759291886,-1.62E-11,,,,
6.39,0.178442463,0.41469023,1.759291886,1.62E-11,,,,
6.4,0.196035382,0.424743327,1.759291886,-25.13274123,,,,
6.41,0.2136283,0.432283149,1.507964474,0,,,,
6.42,0.228707945,0.439822972,1.507964474,-1.37E-11,,,,
6.43,0.24378759,0.447362794,1.507964474,-25.13274123,,,,
6.44,0.258867235,0.452389342,1.256637061,-5.55E-13,,,,
6.45,0.271433605,0.45741589,1.256637061,0,,,,
6.46,0.283999976,0.459929164,1.256637061,-25.13274123,,,,
6.47,0.296566346,0.462442439,1.005309649,8.95E-12,,,,
6.48,0.306619443,0.462442439,1.005309649,0,,,,
6.49,0.316672539,0.462442439,1.005309649,-25.13274123,,,,
6.5,0.326725636,0.459929164,0.753982237,5.55E-13,,,,
6.51,0.334265458,0.45741589,0.753982237,-25.13274123,,,,
6.52,0.341805281,0.454902616,0.502654825,5.03E-12,,,,
6.53,0.346831829,0.449876068,0.502654825,-25.13274123,,,,
6.54,0.351858377,0.442336246,0.251327412,5.55E-13,,,,
6.55,0.354371651,0.437309697,0.251327412,-3.35E-12,,,,
6.56,0.356884925,0.427256601,0.251327412,-25.13274123,,,,
6.57,0.3593982,0.419716779,0,-25.13274123,,,,
6.58,0.3593982,0.409663682,-0.251327412,25.13274123,,,,
6.59,0.356884925,0.399610586,0,-25.13274123,,,,
6.6,0.356884925,0.387044215,-0.251327412,-25.13274123,,,,
6.61,0.354371651,0.374477844,-0.502654825,0,,,,
6.62,0.349345103,0.361911474,-0.502654825,0,,,,
6.63,0.344318555,0.346831829,-0.502654825,-25.13274123,,,,
6.64,0.339292007,0.331752184,-0.753982237,-6.69E-12,,,,
6.65,0.331752184,0.316672539,-0.753982237,0,,,,
6.66,0.324212362,0.299079621,-0.753982237,-25.13274123,,,,
6.67,0.316672539,0.283999976,-1.005309649,8.95E-12,,,,
6.68,0.306619443,0.263893783,-1.005309649,-25.13274123,,,,
6.69,0.296566346,0.246300864,-1.256637061,25.13274123,,,,
6.7,0.283999976,0.228707945,-1.005309649,-25.13274123,,,,
6.71,0.273946879,0.208601752,-1.256637061,-25.13274123,,,,
6.72,0.261380509,0.188495559,-1.507964474,25.13274123,,,,
6.73,0.246300864,0.168389366,-1.256637061,-25.13274123,,,,
6.74,0.233734493,0.148283173,-1.507964474,0,,,,
6.75,0.218654849,0.12817698,-1.507964474,0,,,,
6.76,0.203575204,0.108070787,-1.507964474,-25.13274123,,,,
6.77,0.188495559,0.087964594,-1.759291886,25.13274123,,,,
6.78,0.17090264,0.065345127,-1.507964474,-25.13274123,,,,
6.79,0.155822996,0.045238934,-1.759291886,-1.33E-13,,,,
6.8,0.138230077,0.022619467,-1.759291886,1.56E-11,,,,
6.81,0.120637158,0.002513274,-1.759291886,-1.54E-11,,,,
6.82,0.103044239,-0.017592919,-1.759291886,-2.66E-13,,,,
6.83,0.08545132,-0.037699112,-1.759291886,6.66E-14,,,,
6.84,0.067858401,-0.057805305,-1.759291886,-25.13274123,,,,
6.85,0.050265482,-0.077911498,-2.010619298,25.13274123,,,,
6.86,0.030159289,-0.098017691,-1.759291886,0,,,,
6.87,0.012566371,-0.118123884,-1.759291886,0,,,,
6.88,-0.005026548,-0.135716803,-1.759291886,-25.13274123,,,,
6.89,-0.022619467,-0.155822996,-2.010619298,25.13274123,,,,
6.9,-0.04272566,-0.173415914,-1.759291886,-6.66E-14,,,,
6.91,-0.060318579,-0.191008833,-1.759291886,6.66E-14,,,,
6.92,-0.077911498,-0.206088478,-1.759291886,25.13274123,,,,
6.93,-0.095504417,-0.223681397,-1.507964474,-1.37E-11,,,,
6.94,-0.110584061,-0.238761042,-1.507964474,-25.13274123,,,,
6.95,-0.125663706,-0.251327412,-1.759291886,25.13274123,,,,
6.96,-0.143256625,-0.266407057,-1.507964474,1.34E-11,,,,
6.97,-0.15833627,-0.278973428,-1.507964474,-1.34E-11,,,,
6.98,-0.173415914,-0.289026524,-1.507964474,0,,,,
6.99,-0.188495559,-0.301592895,-1.507964474,25.13274123,,,,
7,-0.203575204,-0.309132717,-1.256637061,-25.13274123,,,,
7.01,-0.216141575,-0.319185814,-1.507964474,50.26548246,,,,
7.02,-0.231221219,-0.326725636,-1.005309649,-25.13274123,,,,
7.03,-0.241274316,-0.334265458,-1.256637061,25.13274123,,,,
7.04,-0.253840686,-0.339292007,-1.005309649,5.55E-13,,,,
7.05,-0.263893783,-0.344318555,-1.005309649,7.84E-12,,,,
7.06,-0.273946879,-0.346831829,-1.005309649,25.13274123,,,,
7.07,-0.283999976,-0.349345103,-0.753982237,-25.13274123,,,,
7.08,-0.291539798,-0.351858377,-1.005309649,50.26548246,,,,
7.09,-0.301592895,-0.351858377,-0.502654825,-25.13274123,,,,
7.1,-0.306619443,-0.351858377,-0.753982237,25.13274123,,,,
7.11,-0.314159265,-0.349345103,-0.502654825,25.13274123,,,,
7.12,-0.319185814,-0.346831829,-0.251327412,-25.13274123,,,,
7.13,-0.321699088,-0.344318555,-0.502654825,50.26548246,,,,
7.14,-0.326725636,-0.339292007,0,-25.13274123,,,,
7.15,-0.326725636,-0.331752184,-0.251327412,25.13274123,,,,
7.16,-0.32923891,-0.326725636,0,0,,,,
7.17,-0.32923891,-0.319185814,0,0,,,,
7.18,-0.32923891,-0.311645991,0,25.13274123,,,,
7.19,-0.32923891,-0.301592895,0.251327412,0,,,,
7.2,-0.326725636,-0.291539798,0.251327412,25.13274123,,,,
7.21,-0.324212362,-0.281486702,0.502654825,-4.47E-12,,,,
7.22,-0.319185814,-0.268920331,0.502654825,4.47E-12,,,,
7.23,-0.314159265,-0.256353961,0.502654825,0,,,,
7.24,-0.309132717,-0.24378759,0.502654825,25.13274123,,,,
7.25,-0.304106169,-0.228707945,0.753982237,0,,,,
7.26,-0.296566346,-0.216141575,0.753982237,-6.69E-12,,,,
7.27,-0.289026524,-0.20106193,0.753982237,25.13274123,,,,
7.28,-0.281486702,-0.185982285,1.005309649,0,,,,
7.29,-0.271433605,-0.168389366,1.005309649,0,,,,
7.3,-0.261380509,-0.153309721,1.005309649,-8.66E-12,,,,
7.31,-0.251327412,-0.135716803,1.005309649,25.13274123,,,,
7.32,-0.241274316,-0.118123884,1.256637061,-25.13274123,,,,
7.33,-0.228707945,-0.100530965,1.005309649,25.13274123,,,,
7.34,-0.218654849,-0.082938046,1.256637061,25.13274123,,,,
7.35,-0.206088478,-0.065345127,1.507964474,-25.13274123,,,,
7.36,-0.191008833,-0.047752208,1.256637061,5.55E-13,,,,
7.37,-0.178442463,-0.030159289,1.256637061,25.13274123,,,,
7.38,-0.165876092,-0.010053096,1.507964474,-1.34E-11,,,,
7.39,-0.150796447,0.007539822,1.507964474,1.35E-11,,,,
7.4,-0.135716803,0.025132741,1.507964474,-1.33E-13,,,,
7.41,-0.120637158,0.04272566,1.507964474,1.33E-13,,,,
7.42,-0.105557513,0.060318579,1.507964474,-1.35E-11,,,,
7.43,-0.090477868,0.080424772,1.507964474,1.35E-11,,,,
7.44,-0.075398224,0.098017691,1.507964474,0,,,,
7.45,-0.060318579,0.11561061,1.507964474,-4.44E-14,,,,
7.46,-0.045238934,0.130690254,1.507964474,-1.34E-11,,,,
7.47,-0.030159289,0.148283173,1.507964474,25.13274123,,,,
7.48,-0.015079645,0.165876092,1.759291886,-25.13274123,,,,
7.49,0.002513274,0.180955737,1.507964474,0,,,,
7.5,0.017592919,0.196035382,1.507964474,-6.66E-14,,,,
7.51,0.032672564,0.211115026,1.507964474,-25.13274123,,,,
7.52,0.047752208,0.226194671,1.256637061,25.13274123,,,,
7.53,0.060318579,0.238761042,1.507964474,-6.66E-14,,,,
7.54,0.075398224,0.253840686,1.507964474,-25.13274123,,,,
7.55,0.090477868,0.266407057,1.256637061,25.13274123,,,,
7.56,0.103044239,0.276460154,1.507964474,-25.13274123,,,,
7.57,0.118123884,0.289026524,1.256637061,0,,,,
7.58,0.130690254,0.299079621,1.256637061,-25.13274123,,,,
7.59,0.143256625,0.309132717,1.005309649,-8.95E-12,,,,
7.6,0.153309721,0.316672539,1.005309649,25.13274123,,,,
7.61,0.163362818,0.324212362,1.256637061,-25.13274123,,,,
7.62,0.175929189,0.331752184,1.005309649,-5.55E-13,,,,
7.63,0.185982285,0.339292007,1.005309649,-25.13274123,,,,
7.64,0.196035382,0.344318555,0.753982237,25.13274123,,,,
7.65,0.203575204,0.349345103,1.005309649,-25.13274123,,,,
7.66,0.2136283,0.351858377,0.753982237,-25.13274123,,,,
7.67,0.221168123,0.354371651,0.502654825,25.13274123,,,,
7.68,0.226194671,0.356884925,0.753982237,-25.13274123,,,,
7.69,0.233734493,0.356884925,0.502654825,-2.78E-13,,,,
7.7,0.238761042,0.356884925,0.502654825,-25.13274123,,,,
7.71,0.24378759,0.356884925,0.251327412,-1.96E-12,,,,
7.72,0.246300864,0.354371651,0.251327412,1.96E-12,,,,
7.73,0.248814138,0.351858377,0.251327412,0,,,,
7.74,0.251327412,0.349345103,0.251327412,-25.13274123,,,,
7.75,0.253840686,0.344318555,0,0,,,,
7.76,0.253840686,0.339292007,0,-25.13274123,,,,
7.77,0.253840686,0.334265458,-0.251327412,25.13274123,,,,
7.78,0.251327412,0.32923891,0,-25.13274123,,,,
7.79,0.251327412,0.321699088,-0.251327412,-25.13274123,,,,
7.8,0.248814138,0.314159265,-0.502654825,25.13274123,,,,
7.81,0.24378759,0.304106169,-0.251327412,-25.13274123,,,,
7.82,0.241274316,0.296566346,-0.502654825,-5.55E-13,,,,
7.83,0.236247768,0.28651325,-0.502654825,2.78E-13,,,,
7.84,0.231221219,0.273946879,-0.502654825,-25.13274123,,,,
7.85,0.226194671,0.263893783,-0.753982237,-6.14E-12,,,,
7.86,0.218654849,0.251327412,-0.753982237,-5.55E-13,,,,
7.87,0.211115026,0.238761042,-0.753982237,2.78E-13,,,,
7.88,0.203575204,0.226194671,-0.753982237,-25.13274123,,,,
7.89,0.196035382,0.2136283,-1.005309649,25.13274123,,,,
7.9,0.185982285,0.198548656,-0.753982237,-25.13274123,,,,
7.91,0.178442463,0.185982285,-1.005309649,2.66E-13,,,,
7.92,0.168389366,0.17090264,-1.005309649,-25.13274123,,,,
7.93,0.15833627,0.155822996,-1.256637061,25.13274123,,,,
7.94,0.145769899,0.140743351,-1.005309649,-25.13274123,,,,
7.95,0.135716803,0.125663706,-1.256637061,25.13274123,,,,
7.96,0.123150432,0.110584061,-1.005309649,-25.13274123,,,,
7.97,0.113097336,0.095504417,-1.256637061,-1.13E-11,,,,
7.98,0.100530965,0.077911498,-1.256637061,1.33E-13,,,,
7.99,0.087964594,0.062831853,-1.256637061,0,,,,
8,0.075398224,0.047752208,-1.256637061,-6.66E-14,,,,
8.01,0.062831853,0.030159289,-1.256637061,0,,,,
8.02,0.050265482,0.015079645,-1.256637061,4.44E-14,,,,
8.03,0.037699112,0,-1.256637061,2.23E-11,,,,
8.04,0.025132741,-0.015079645,-1.256637061,-2.23E-11,,,,
8.05,0.012566371,-0.032672564,-1.256637061,-25.13274123,,,,
8.06,0,-0.047752208,-1.507964474,25.13274123,,,,
8.07,-0.015079645,-0.062831853,-1.256637061,-6.66E-14,,,,
8.08,-0.027646015,-0.077911498,-1.256637061,0,,,,
8.09,-0.040212386,-0.090477868,-1.256637061,0,,,,
8.1,-0.052778757,-0.105557513,-1.256637061,25.13274123,,,,
8.11,-0.065345127,-0.118123884,-1.005309649,-25.13274123,,,,
8.12,-0.075398224,-0.133203529,-1.256637061,-2.25E-11,,,,
8.13,-0.087964594,-0.145769899,-1.256637061,25.13274123,,,,
8.14,-0.100530965,-0.155822996,-1.005309649,-25.13274123,,,,
8.15,-0.110584061,-0.168389366,-1.256637061,25.13274123,,,,
8.16,-0.123150432,-0.178442463,-1.005309649,1.33E-13,,,,
8.17,-0.133203529,-0.191008833,-1.005309649,0,,,,
8.18,-0.143256625,-0.20106193,-1.005309649,25.13274123,,,,
8.19,-0.153309721,-0.208601752,-0.753982237,-25.13274123,,,,
8.2,-0.160849544,-0.216141575,-1.005309649,25.13274123,,,,
8.21,-0.17090264,-0.226194671,-0.753982237,0,,,,
8.22,-0.178442463,-0.231221219,-0.753982237,0,,,,
8.23,-0.185982285,-0.238761042,-0.753982237,25.13274123,,,,
8.24,-0.193522107,-0.24378759,-0.502654825,-25.13274123,,,,
8.25,-0.198548656,-0.248814138,-0.753982237,25.13274123,,,,
8.26,-0.206088478,-0.251327412,-0.502654825,2.78E-13,,,,
8.27,-0.211115026,-0.253840686,-0.502654825,2.78E-13,,,,
8.28,-0.216141575,-0.256353961,-0.502654825,25.13274123,,,,
8.29,-0.221168123,-0.258867235,-0.251327412,-4.19E-12,,,,
8.3,-0.223681397,-0.258867235,-0.251327412,0,,,,
8.31,-0.226194671,-0.258867235,-0.251327412,0,,,,
8.32,-0.228707945,-0.256353961,-0.251327412,25.13274123,,,,
8.33,-0.231221219,-0.256353961,0,0,,,,
8.34,-0.231221219,-0.253840686,0,0,,,,
8.35,-0.231221219,-0.248814138,0,0,,,,
8.36,-0.231221219,-0.246300864,0,25.13274123,,,,
8.37,-0.231221219,-0.241274316,0.251327412,4.47E-12,,,,
8.38,-0.228707945,-0.236247768,0.251327412,0,,,,
8.39,-0.226194671,-0.228707945,0.251327412,2.78E-13,,,,
8.4,-0.223681397,-0.223681397,0.251327412,25.13274123,,,,
8.41,-0.221168123,-0.216141575,0.502654825,2.78E-13,,,,
8.42,-0.216141575,-0.206088478,0.502654825,2.78E-13,,,,
8.43,-0.211115026,-0.198548656,0.502654825,-5.55E-13,,,,
8.44,-0.206088478,-0.188495559,0.502654825,-8.38E-12,,,,
8.45,-0.20106193,-0.180955737,0.502654825,8.66E-12,,,,
8.46,-0.196035382,-0.17090264,0.502654825,25.13274123,,,,
8.47,-0.191008833,-0.15833627,0.753982237,0,,,,
8.48,-0.183469011,-0.148283173,0.753982237,0,,,,
8.49,-0.175929189,-0.138230077,0.753982237,0,,,,
8.5,-0.168389366,-0.125663706,0.753982237,0,,,,
8.51,-0.160849544,-0.113097336,0.753982237,25.13274123,,,,
8.52,-0.153309721,-0.100530965,1.005309649,-25.13274123,,,,
8.53,-0.143256625,-0.087964594,0.753982237,25.13274123,,,,
8.54,-0.135716803,-0.075398224,1.005309649,1.80E-11,,,,
8.55,-0.125663706,-0.062831853,1.005309649,-1.33E-13,,,,
8.56,-0.11561061,-0.047752208,1.005309649,1.33E-13,,,,
8.57,-0.105557513,-0.035185838,1.005309649,-2.89E-13,,,,
8.58,-0.095504417,-0.022619467,1.005309649,2.89E-13,,,,
8.59,-0.08545132,-0.007539822,1.005309649,-1.33E-13,,,,
8.6,-0.075398224,0.005026548,1.005309649,1.33E-13,,,,
8.61,-0.065345127,0.017592919,1.005309649,-1.80E-11,,,,
8.62,-0.055292031,0.032672564,1.005309649,25.13274123,,,,
8.63,-0.045238934,0.045238934,1.256637061,-25.13274123,,,,
8.64,-0.032672564,0.057805305,1.005309649,-6.66E-14,,,,
8.65,-0.022619467,0.07288495,1.005309649,2.22E-14,,,,
8.66,-0.012566371,0.08545132,1.005309649,0,,,,
8.67,-0.002513274,0.098017691,1.005309649,0,,,,
8.68,0.007539822,0.110584061,1.005309649,-2.22E-14,,,,
8.69,0.017592919,0.123150432,1.005309649,-1.78E-11,,,,
8.7,0.027646015,0.133203529,1.005309649,1.78E-11,,,,
8.71,0.037699112,0.145769899,1.005309649,6.66E-14,,,,
8.72,0.047752208,0.15833627,1.005309649,0,,,,
8.73,0.057805305,0.168389366,1.005309649,-25.13274123,,,,
8.74,0.067858401,0.178442463,0.753982237,0,,,,
8.75,0.075398224,0.188495559,0.753982237,25.13274123,,,,
8.76,0.082938046,0.198548656,1.005309649,-25.13274123,,,,
8.77,0.092991143,0.206088478,0.753982237,0,,,,
8.78,0.100530965,0.2136283,0.753982237,-1.34E-11,,,,
8.79,0.108070787,0.221168123,0.753982237,-25.13274123,,,,
8.8,0.11561061,0.228707945,0.502654825,25.13274123,,,,
8.81,0.120637158,0.236247768,0.753982237,-25.13274123,,,,
8.82,0.12817698,0.241274316,0.502654825,0,,,,
8.83,0.133203529,0.248814138,0.502654825,0,,,,
8.84,0.138230077,0.251327412,0.502654825,0,,,,
8.85,0.143256625,0.256353961,0.502654825,-25.13274123,,,,
8.86,0.148283173,0.258867235,0.251327412,25.13274123,,,,
8.87,0.150796447,0.261380509,0.502654825,-25.13274123,,,,
8.88,0.155822996,0.263893783,0.251327412,0,,,,
8.89,0.15833627,0.266407057,0.251327412,-25.13274123,,,,
8.9,0.160849544,0.266407057,0,25.13274123,,,,
8.91,0.160849544,0.266407057,0.251327412,-25.13274123,,,,
8.92,0.163362818,0.266407057,0,0,,,,
8.93,0.163362818,0.263893783,0,0,,,,
8.94,0.163362818,0.263893783,0,-25.13274123,,,,
8.95,0.163362818,0.261380509,-0.251327412,25.13274123,,,,
8.96,0.160849544,0.256353961,0,-25.13274123,,,,
8.97,0.160849544,0.253840686,-0.251327412,0,,,,
8.98,0.15833627,0.248814138,-0.251327412,0,,,,
8.99,0.155822996,0.24378759,-0.251327412,-25.13274123,,,,
9,0.153309721,0.238761042,-0.502654825,25.13274123,,,,
9.01,0.148283173,0.233734493,-0.251327412,-25.13274123,,,,
9.02,0.145769899,0.228707945,-0.502654825,0,,,,
9.03,0.140743351,0.221168123,-0.502654825,25.13274123,,,,
9.04,0.135716803,0.2136283,-0.251327412,-50.26548246,,,,
9.05,0.133203529,0.206088478,-0.753982237,25.13274123,,,,
9.06,0.125663706,0.198548656,-0.502654825,1.33E-13,,,,
9.07,0.120637158,0.191008833,-0.502654825,-25.13274123,,,,
9.08,0.11561061,0.180955737,-0.753982237,25.13274123,,,,
9.09,0.108070787,0.17090264,-0.502654825,-25.13274123,,,,
9.1,0.103044239,0.163362818,-0.753982237,0,,,,
9.11,0.095504417,0.153309721,-0.753982237,1.34E-11,,,,
9.12,0.087964594,0.143256625,-0.753982237,-1.34E-11,,,,
9.13,0.080424772,0.130690254,-0.753982237,0,,,,
9.14,0.07288495,0.120637158,-0.753982237,-6.66E-14,,,,
9.15,0.065345127,0.110584061,-0.753982237,6.66E-14,,,,
9.16,0.057805305,0.098017691,-0.753982237,0,,,,
9.17,0.050265482,0.087964594,-0.753982237,-6.66E-14,,,,
9.18,0.04272566,0.075398224,-0.753982237,-25.13274123,,,,
9.19,0.035185838,0.065345127,-1.005309649,25.13274123,,,,
9.2,0.025132741,0.052778757,-0.753982237,-1.34E-11,,,,
9.21,0.017592919,0.04272566,-0.753982237,-25.13274123,,,,
9.22,0.010053096,0.030159289,-1.005309649,25.13274123,,,,
9.23,0,0.020106193,-0.753982237,0,,,,
9.24,-0.007539822,0.007539822,-0.753982237,-25.13274123,,,,
9.25,-0.015079645,-0.002513274,-1.005309649,25.13274123,,,,
9.26,-0.025132741,-0.015079645,-0.753982237,3.33E-14,,,,
9.27,-0.032672564,-0.025132741,-0.753982237,0,,,,
9.28,-0.040212386,-0.035185838,-0.753982237,1.34E-11,,,,
9.29,-0.047752208,-0.047752208,-0.753982237,-1.35E-11,,,,
9.3,-0.055292031,-0.057805305,-0.753982237,1.33E-13,,,,
9.31,-0.062831853,-0.067858401,-0.753982237,0,,,,
9.32,-0.070371675,-0.077911498,-0.753982237,-1.33E-13,,,,
9.33,-0.077911498,-0.08545132,-0.753982237,25.13274123,,,,
9.34,-0.08545132,-0.095504417,-0.502654825,-25.13274123,,,,
9.35,-0.090477868,-0.103044239,-0.753982237,25.13274123,,,,
9.36,-0.098017691,-0.113097336,-0.502654825,8.79E-12,,,,
9.37,-0.103044239,-0.120637158,-0.502654825,-25.13274123,,,,
9.38,-0.108070787,-0.12817698,-0.753982237,25.13274123,,,,
9.39,-0.11561061,-0.135716803,-0.502654825,25.13274123,,,,
9.4,-0.120637158,-0.140743351,-0.251327412,-25.13274123,,,,
9.41,-0.123150432,-0.148283173,-0.502654825,1.33E-13,,,,
9.42,-0.12817698,-0.153309721,-0.502654825,25.13274123,,,,
9.43,-0.133203529,-0.15833627,-0.251327412,0,,,,
9.44,-0.135716803,-0.163362818,-0.251327412,4.47E-12,,,,
9.45,-0.138230077,-0.165876092,-0.251327412,-4.47E-12,,,,
9.46,-0.140743351,-0.168389366,-0.251327412,0,,,,
9.47,-0.143256625,-0.17090264,-0.251327412,25.13274123,,,,
9.48,-0.145769899,-0.173415914,0,-25.13274123,,,,
9.49,-0.145769899,-0.175929189,-0.251327412,25.13274123,,,,
9.5,-0.148283173,-0.175929189,0,0,,,,
9.51,-0.148283173,-0.175929189,0,0,,,,
9.52,-0.148283173,-0.175929189,0,0,,,,
9.53,-0.148283173,-0.175929189,0,25.13274123,,,,
9.54,-0.148283173,-0.173415914,0.251327412,-25.13274123,,,,
9.55,-0.145769899,-0.173415914,0,25.13274123,,,,
9.56,-0.145769899,-0.17090264,0.251327412,0,,,,
9.57,-0.143256625,-0.168389366,0.251327412,0,,,,
9.58,-0.140743351,-0.163362818,0.251327412,0,,,,
9.59,-0.138230077,-0.160849544,0.251327412,0,,,,
9.6,-0.135716803,-0.155822996,0.251327412,25.13274123,,,,
9.61,-0.133203529,-0.150796447,0.502654825,-25.13274123,,,,
9.62,-0.12817698,-0.145769899,0.251327412,25.13274123,,,,
9.63,-0.125663706,-0.140743351,0.502654825,-25.13274123,,,,
9.64,-0.120637158,-0.135716803,0.251327412,25.13274123,,,,
9.65,-0.118123884,-0.12817698,0.502654825,-1.33E-13,,,,
9.66,-0.113097336,-0.120637158,0.502654825,1.33E-13,,,,
9.67,-0.108070787,-0.11561061,0.502654825,-1.33E-13,,,,
9.68,-0.103044239,-0.108070787,0.502654825,-1.44E-13,,,,
9.69,-0.098017691,-0.100530965,0.502654825,-8.65E-12,,,,
9.7,-0.092991143,-0.092991143,0.502654825,8.79E-12,,,,
9.71,-0.087964594,-0.08545132,0.502654825,0,,,,
9.72,-0.082938046,-0.075398224,0.502654825,25.13274123,,,,
9.73,-0.077911498,-0.067858401,0.753982237,-25.13274123,,,,
9.74,-0.070371675,-0.060318579,0.502654825,6.66E-14,,,,
9.75,-0.065345127,-0.050265482,0.502654825,25.13274123,,,,
9.76,-0.060318579,-0.040212386,0.753982237,-25.13274123,,,,
9.77,-0.052778757,-0.032672564,0.502654825,25.13274123,,,,
9.78,-0.047752208,-0.022619467,0.753982237,-25.13274123,,,,
9.79,-0.040212386,-0.012566371,0.502654825,25.13274123,,,,
9.8,-0.035185838,-0.005026548,0.753982237,-25.13274123,,,,
9.81,-0.027646015,0.005026548,0.502654825,25.13274123,,,,
9.82,-0.022619467,0.015079645,0.753982237,-25.13274123,,,,
9.83,-0.015079645,0.025132741,0.502654825,25.13274123,,,,
9.84,-0.010053096,0.032672564,0.753982237,-25.13274123,,,,
9.85,-0.002513274,0.04272566,0.502654825,0,,,,
9.86,0.002513274,0.052778757,0.502654825,25.13274123,,,,
9.87,0.007539822,0.060318579,0.753982237,-25.13274123,,,,
9.88,0.015079645,0.070371675,0.502654825,2.22E-14,,,,
9.89,0.020106193,0.077911498,0.502654825,-3.33E-14,,,,
9.9,0.025132741,0.087964594,0.502654825,25.13274123,,,,
9.91,0.030159289,0.095504417,0.753982237,-25.13274123,,,,
9.92,0.037699112,0.103044239,0.502654825,-25.13274123,,,,
9.93,0.04272566,0.110584061,0.251327412,25.13274123,,,,
9.94,0.045238934,0.118123884,0.502654825,-9.07E-12,,,,
9.95,0.050265482,0.125663706,0.502654825,9.07E-12,,,,
9.96,0.055292031,0.133203529,0.502654825,-25.13274123,,,,
9.97,0.060318579,0.138230077,0.251327412,25.13274123,,,,
9.98,0.062831853,0.145769899,0.502654825,-25.13274123,,,,
9.99,0.067858401,0.150796447,0.251327412,0,,,,
10,0.070371675,0.155822996,0.251327412,0,,,,
10.01,0.07288495,0.160849544,0.251327412,0,,,,
10.02,0.075398224,0.165876092,0.251327412,0,,,,
10.03,0.077911498,0.17090264,0.251327412,-4.47E-12,,,,
10.04,0.080424772,0.173415914,0.251327412,-25.13274123,,,,
10.05,0.082938046,0.175929189,0,25.13274123,,,,
10.06,0.082938046,0.180955737,0.251327412,-25.13274123,,,,
10.07,0.08545132,0.183469011,0,0,,,,
10.08,0.08545132,0.183469011,0,0,,,,
10.09,0.08545132,0.185982285,0,0,,,,
10.1,0.08545132,0.185982285,0,0,,,,
10.11,0.08545132,0.185982285,0,0,,,,
10.12,0.08545132,0.185982285,0,-25.13274123,,,,
10.13,0.08545132,0.185982285,-0.251327412,25.13274123,,,,
10.14,0.082938046,0.185982285,0,-25.13274123,,,,
10.15,0.082938046,0.183469011,-0.251327412,0,,,,
10.16,0.080424772,0.183469011,-0.251327412,25.13274123,,,,
10.17,0.077911498,0.180955737,0,-25.13274123,,,,
10.18,0.077911498,0.178442463,-0.251327412,0,,,,
10.19,0.075398224,0.175929189,-0.251327412,4.47E-12,,,,
10.2,0.07288495,0.17090264,-0.251327412,-4.47E-12,,,,
10.21,0.070371675,0.168389366,-0.251327412,-25.13274123,,,,
10.22,0.067858401,0.165876092,-0.502654825,25.13274123,,,,
10.23,0.062831853,0.160849544,-0.251327412,6.66E-14,,,,
10.24,0.060318579,0.155822996,-0.251327412,-6.66E-14,,,,
10.25,0.057805305,0.150796447,-0.251327412,-25.13274123,,,,
10.26,0.055292031,0.145769899,-0.502654825,25.13274123,,,,
10.27,0.050265482,0.140743351,-0.251327412,-25.13274123,,,,
10.28,0.047752208,0.135716803,-0.502654825,25.13274123,,,,
10.29,0.04272566,0.130690254,-0.251327412,-25.13274123,,,,
10.3,0.040212386,0.123150432,-0.502654825,25.13274123,,,,
10.31,0.035185838,0.118123884,-0.251327412,-25.13274123,,,,
10.32,0.032672564,0.110584061,-0.502654825,6.66E-14,,,,
10.33,0.027646015,0.105557513,-0.502654825,25.13274123,,,,
10.34,0.022619467,0.098017691,-0.251327412,-25.13274123,,,,
10.35,0.020106193,0.090477868,-0.502654825,0,,,,
10.36,0.015079645,0.082938046,-0.502654825,8.93E-12,,,,
10.37,0.010053096,0.075398224,-0.502654825,25.13274123,,,,
10.38,0.005026548,0.067858401,-0.251327412,-25.13274123,,,,
10.39,0.002513274,0.062831853,-0.502654825,0,,,,
10.4,-0.002513274,0.055292031,-0.502654825,-1.11E-14,,,,
10.41,-0.007539822,0.047752208,-0.502654825,25.13274123,,,,
10.42,-0.012566371,0.040212386,-0.251327412,-25.13274123,,,,
10.43,-0.015079645,0.032672564,-0.502654825,-2.22E-14,,,,
10.44,-0.020106193,0.025132741,-0.502654825,25.13274123,,,,
10.45,-0.025132741,0.017592919,-0.251327412,-25.13274123,,,,
10.46,-0.027646015,0.010053096,-0.502654825,25.13274123,,,,
10.47,-0.032672564,0.002513274,-0.251327412,-25.13274123,,,,
10.48,-0.035185838,-0.005026548,-0.502654825,25.13274123,,,,
10.49,-0.040212386,-0.012566371,-0.251327412,-25.13274123,,,,
10.5,-0.04272566,-0.020106193,-0.502654825,25.13274123,,,,
10.51,-0.047752208,-0.025132741,-0.251327412,6.66E-14,,,,
10.52,-0.050265482,-0.032672564,-0.251327412,-25.13274123,,,,
10.53,-0.052778757,-0.037699112,-0.502654825,25.13274123,,,,
10.54,-0.057805305,-0.045238934,-0.251327412,-4.54E-12,,,,
10.55,-0.060318579,-0.050265482,-0.251327412,6.66E-14,,,,
10.56,-0.062831853,-0.055292031,-0.251327412,0,,,,
10.57,-0.065345127,-0.062831853,-0.251327412,25.13274123,,,,
10.58,-0.067858401,-0.067858401,0,-25.13274123,,,,
10.59,-0.067858401,-0.07288495,-0.251327412,0,,,,
10.6,-0.070371675,-0.075398224,-0.251327412,25.13274123,,,,
10.61,-0.07288495,-0.080424772,0,-25.13274123,,,,
10.62,-0.07288495,-0.08545132,-0.251327412,25.13274123,,,,
10.63,-0.075398224,-0.087964594,0,0,,,,
10.64,-0.075398224,-0.090477868,0,-25.13274123,,,,
10.65,-0.075398224,-0.092991143,-0.251327412,25.13274123,,,,
10.66,-0.077911498,-0.095504417,0,0,,,,
10.67,-0.077911498,-0.098017691,0,0,,,,
10.68,-0.077911498,-0.100530965,0,25.13274123,,,,
10.69,-0.077911498,-0.103044239,0.251327412,-25.13274123,,,,
10.7,-0.075398224,-0.103044239,0,0,,,,
10.71,-0.075398224,-0.103044239,0,0,,,,
10.72,-0.075398224,-0.103044239,0,25.13274123,,,,
10.73,-0.075398224,-0.103044239,0.251327412,-25.13274123,,,,
10.74,-0.07288495,-0.103044239,0,25.13274123,,,,
10.75,-0.07288495,-0.103044239,0.251327412,0,,,,
10.76,-0.070371675,-0.100530965,0.251327412,-25.13274123,,,,
10.77,-0.067858401,-0.100530965,0,25.13274123,,,,
10.78,-0.067858401,-0.098017691,0.251327412,-4.47E-12,,,,
10.79,-0.065345127,-0.095504417,0.251327412,-25.13274123,,,,
10.8,-0.062831853,-0.092991143,0,25.13274123,,,,
10.81,-0.062831853,-0.090477868,0.251327412,-6.66E-14,,,,
10.82,-0.060318579,-0.087964594,0.251327412,6.66E-14,,,,
10.83,-0.057805305,-0.08545132,0.251327412,-1.39E-13,,,,
10.84,-0.055292031,-0.082938046,0.251327412,-25.13274123,,,,
10.85,-0.052778757,-0.077911498,0,25.13274123,,,,
10.86,-0.052778757,-0.075398224,0.251327412,-4.40E-12,,,,
10.87,-0.050265482,-0.070371675,0.251327412,4.40E-12,,,,
10.88,-0.047752208,-0.067858401,0.251327412,-7.22E-14,,,,
10.89,-0.045238934,-0.062831853,0.251327412,1.39E-13,,,,
10.9,-0.04272566,-0.057805305,0.251327412,-6.66E-14,,,,
10.91,-0.040212386,-0.052778757,0.251327412,0,,,,
10.92,-0.037699112,-0.047752208,0.251327412,0,,,,
10.93,-0.035185838,-0.04272566,0.251327412,-25.13274123,,,,
10.94,-0.032672564,-0.037699112,0,25.13274123,,,,
10.95,-0.032672564,-0.032672564,0.251327412,4.46E-12,,,,
10.96,-0.030159289,-0.027646015,0.251327412,-7.22E-14,,,,
10.97,-0.027646015,-0.022619467,0.251327412,7.22E-14,,,,
10.98,-0.025132741,-0.017592919,0.251327412,-3.33E-14,,,,
10.99,-0.022619467,-0.012566371,0.251327412,0,,,,
11,-0.020106193,-0.007539822,0.251327412,1.67E-14,,,,
11.01,-0.017592919,0,0.251327412,-1.67E-14,,,,
11.02,-0.015079645,0.005026548,0.251327412,1.67E-14,,,,
11.03,-0.012566371,0.010053096,0.251327412,-4.47E-12,,,,
11.04,-0.010053096,0.017592919,0.251327412,-25.13274123,,,,
11.05,-0.007539822,0.022619467,0,25.13274123,,,,
11.06,-0.007539822,0.027646015,0.251327412,0,,,,
11.07,-0.005026548,0.032672564,0.251327412,0,,,,
11.08,-0.002513274,0.037699112,0.251327412,0,,,,
11.09,0,0.045238934,0.251327412,-25.13274123,,,,
11.1,0.002513274,0.050265482,0,25.13274123,,,,
11.11,0.002513274,0.055292031,0.251327412,-25.13274123,,,,
11.12,0.005026548,0.060318579,0,25.13274123,,,,
11.13,0.005026548,0.065345127,0.251327412,0,,,,
11.14,0.007539822,0.070371675,0.251327412,-25.13274123,,,,
11.15,0.010053096,0.07288495,0,25.13274123,,,,
11.16,0.010053096,0.077911498,0.251327412,-25.13274123,,,,
11.17,0.012566371,0.082938046,0,0,,,,
11.18,0.012566371,0.087964594,0,25.13274123,,,,
11.19,0.012566371,0.090477868,0.251327412,-25.13274123,,,,
11.2,0.015079645,0.092991143,0,0,,,,
11.21,0.015079645,0.098017691,0,0,,,,
11.22,0.015079645,0.100530965,0,0,,,,
11.23,0.015079645,0.103044239,0,0,,,,
11.24,0.015079645,0.105557513,0,0,,,,
11.25,0.015079645,0.108070787,0,0,,,,
11.26,0.015079645,0.110584061,0,0,,,,
11.27,0.015079645,0.113097336,0,0,,,,
11.28,0.015079645,0.113097336,0,0,,,,
11.29,0.015079645,0.11561061,0,0,,,,
11.3,0.015079645,0.11561061,0,-25.13274123,,,,
11.31,0.015079645,0.11561061,-0.251327412,25.13274123,,,,
11.32,0.012566371,0.11561061,0,0,,,,
11.33,0.012566371,0.11561061,0,0,,,,
11.34,0.012566371,0.11561061,0,-25.13274123,,,,
11.35,0.012566371,0.11561061,-0.251327412,25.13274123,,,,
11.36,0.010053096,0.11561061,0,0,,,,
11.37,0.010053096,0.113097336,0,-25.13274123,,,,
11.38,0.010053096,0.113097336,-0.251327412,25.13274123,,,,
11.39,0.007539822,0.110584061,0,0,,,,
11.4,0.007539822,0.110584061,0,-25.13274123,,,,
11.41,0.007539822,0.108070787,-0.251327412,25.13274123,,,,
11.42,0.005026548,0.105557513,0,-25.13274123,,,,
11.43,0.005026548,0.103044239,-0.251327412,25.13274123,,,,
11.44,0.002513274,0.100530965,0,0,,,,
11.45,0.002513274,0.100530965,0,-25.13274123,,,,
11.46,0.002513274,0.095504417,-0.251327412,25.13274123,,,,
11.47,0,0.092991143,0,0,,,,
11.48,0,0.090477868,0,0,,,,
11.49,0,0.087964594,0,-25.13274123,,,,
11.5,0,0.08545132,-0.251327412,25.13274123,,,,
11.51,-0.002513274,0.082938046,0,0,,,,
11.52,-0.002513274,0.077911498,0,0,,,,
11.53,-0.002513274,0.075398224,0,0,,,,
11.54,-0.002513274,0.07288495,0,-25.13274123,,,,
11.55,-0.002513274,0.067858401,-0.251327412,25.13274123,,,,
11.56,-0.005026548,0.065345127,0,0,,,,
11.57,-0.005026548,0.060318579,0,0,,,,
11.58,-0.005026548,0.057805305,0,0,,,,
11.59,-0.005026548,0.052778757,0,0,,,,
11.6,-0.005026548,0.050265482,0,0,,,,
11.61,-0.005026548,0.045238934,0,0,,,,
11.62,-0.005026548,0.04272566,0,0,,,,
11.63,-0.005026548,0.037699112,0,25.13274123,,,,
11.64,-0.005026548,0.035185838,0.251327412,-25.13274123,,,,
11.65,-0.002513274,0.030159289,0,0,,,,
11.66,-0.002513274,0.027646015,0,0,,,,
11.67,-0.002513274,0.022619467,0,0,,,,
11.68,-0.002513274,0.020106193,0,0,,,,
11.69,-0.002513274,0.015079645,0,0,,,,
11.7,-0.002513274,0.012566371,0,0,,,,
11.71,-0.002513274,0.007539822,0,0,,,,
11.72,-0.002513274,0.005026548,0,25.13274123,,,,
11.73,-0.002513274,0,0.251327412,-25.13274123,,,,
11.74,0,-0.002513274,0,0,,,,
11.75,0,-0.005026548,0,0,,,,
11.76,0,-0.010053096,0,0,,,,
11.77,0,-0.012566371,0,0,,,,
11.78,0,-0.015079645,0,0,,,,
11.79,0,-0.017592919,0,0,,,,
11.8,0,-0.020106193,0,0,,,,
11.81,0,-0.022619467,0,0,,,,
11.82,0,-0.025132741,0,0,,,,
11.83,0,-0.027646015,0,0,,,,
11.84,0,-0.027646015,0,0,,,,
11.85,0,-0.030159289,0,0,,,,
11.86,0,-0.032672564,0,0,,,,
11.87,0,-0.032672564,0,0,,,,
11.88,0,-0.035185838,0,0,,,,
11.89,0,-0.035185838,0,0,,,,
11.9,0,-0.035185838,0,0,,,,
11.91,0,-0.037699112,0,0,,,,
11.92,0,-0.037699112,0,-25.13274123,,,,
11.93,0,-0.037699112,-0.251327412,25.13274123,,,,
11.94,-0.002513274,-0.037699112,0,0,,,,
11.95,-0.002513274,-0.037699112,0,0,,,,
11.96,-0.002513274,-0.035185838,0,0,,,,
11.97,-0.002513274,-0.035185838,0,0,,,,
11.98,-0.002513274,-0.035185838,0,0,,,,
11.99,-0.002513274,-0.035185838,0,0,,,,
12,-0.002513274,-0.032672564,0,25.13274123,,,,
12.01,-0.002513274,-0.032672564,0.251327412,-25.13274123,,,,
12.02,0,-0.030159289,0,0,,,,
12.03,0,-0.030159289,0,0,,,,
12.04,0,-0.027646015,0,0,,,,
12.05,0,-0.025132741,0,0,,,,
12.06,0,-0.025132741,0,0,,,,
12.07,0,-0.022619467,0,0,,,,
12.08,0,-0.020106193,0,0,,,,
12.09,0,-0.020106193,0,0,,,,
12.1,0,-0.017592919,0,0,,,,
12.11,0,-0.015079645,0,0,,,,
12.12,0,-0.015079645,0,0,,,,
12.13,0,-0.012566371,0,0,,,,
12.14,0,-0.010053096,0,0,,,,
12.15,0,-0.007539822,0,0,,,,
12.16,0,-0.007539822,0,0,,,,
12.17,0,-0.005026548,0,0,,,,
12.18,0,-0.002513274,0,0,,,,
12.19,0,0,0,0,,,,
