19.401,1.575823,-0.00185748
19.533,1.57331,-0.019040072
19.545,1.570796,-0.209440788
19.553,1.568283,-0.314176083
19.559,1.56577,-0.418861707
19.564,1.563257,-0.50265789
19.568,1.560743,-0.628322363
19.571,1.55823,-0.837763151
19.575,1.555717,-0.628292561
19.577,1.553203,-1.25670433
19.58,1.55069,-0.837723414
19.582,1.548177,-1.256644726
19.585,1.545664,-0.837763151
19.587,1.54315,-1.256644726
19.589,1.540637,-1.256644726
19.591,1.538124,-1.256644726
19.593,1.53561,-1.256644726
19.595,1.533097,-1.256585121
19.596,1.530584,-2.513408661
19.598,1.528071,-1.256585121
19.6,1.525557,-1.256644726
19.602,1.523044,-1.256644726
19.605,1.518018,-1.675486565
19.608,1.512991,-1.675566038
19.611,1.507964,-1.675486565
19.614,1.502938,-1.675526301
19.617,1.497911,-1.675526301
19.62,1.492885,-1.675486565
19.623,1.485345,-2.513289452
19.626,1.480318,-1.675526301
19.628,1.472779,-3.769874573
19.631,1.465239,-2.513289452
19.634,1.460212,-1.675526301
19.637,1.452672,-2.513289452
19.64,1.445133,-2.513249715
19.643,1.437593,-2.513289452
19.646,1.430053,-2.513289452
19.649,1.422513,-2.513249715
19.652,1.41246,-3.351012866
19.655,1.40492,-2.513289452
19.658,1.39738,-2.513289452
19.661,1.387327,-3.351012866
19.664,1.377274,-3.351012866
19.667,1.369734,-2.513289452
19.67,1.359681,-3.351052602
19.673,1.349628,-3.351012866
19.676,1.339575,-3.351012866
19.679,1.329522,-3.351052602
19.682,1.319469,-3.351052602
19.685,1.309416,-3.351012866
19.688,1.299363,-3.351052602
19.69,1.286796,-6.283164024
19.693,1.276743,-3.351012866
19.696,1.264177,-4.188815753
19.699,1.254124,-3.351012866
19.702,1.241557,-4.188776016
19.705,1.228991,-4.188815753
19.708,1.216425,-4.188776016
19.711,1.203858,-4.188815753
19.714,1.191292,-4.188776016
19.717,1.178726,-4.188776016
19.72,1.166159,-4.188815753
19.723,1.153593,-4.188776016
19.726,1.138513,-5.026539167
19.729,1.125947,-4.188815753
19.732,1.11338,-4.188776016
19.735,1.098301,-5.026578903
19.738,1.083221,-5.026539167
19.741,1.070655,-4.188776016
19.744,1.055575,-5.026539167
19.747,1.040496,-5.026539167
19.749,1.025416,-7.53980875
19.752,1.010336,-5.026578903
19.755,0.995257,-5.026539167
19.758,0.980177,-5.026539167
19.761,0.965097,-5.026539167
19.764,0.947504,-5.864302317
19.767,0.932425,-5.026578903
19.77,0.917345,-5.026539167
19.773,0.899752,-5.864322186
19.776,0.884672,-5.026539167
19.779,0.86708,-5.864302317
19.782,0.849487,-5.864322186
19.785,0.831894,-5.864262581
19.788,0.816814,-5.026578903
19.791,0.799221,-5.864282449
19.794,0.781628,-5.864322186
19.797,0.764035,-5.864302317
19.8,0.746442,-5.864302317
19.803,0.728849,-5.864322186
19.806,0.711257,-5.864302317
19.809,0.69115,-6.702065468
19.811,0.673557,-8.796453476
19.814,0.655965,-5.864302317
19.817,0.635858,-6.702065468
19.82,0.618265,-5.864322186
19.823,0.600673,-5.864282449
19.826,0.580566,-6.702065468
19.829,0.562973,-5.864322186
19.832,0.542867,-6.7020456
19.835,0.522761,-6.702065468
19.838,0.505168,-5.864322186
19.841,0.485062,-6.702055534
19.844,0.464956,-6.702065468
19.847,0.447363,-5.864312251
19.85,0.427257,-6.702055534
19.853,0.40715,-6.702065468
19.856,0.387044,-6.702065468
19.859,0.366938,-6.702065468
19.862,0.346832,-6.702065468
19.865,0.326726,-6.702065468
19.868,0.306619,-6.702065468
19.87,0.286513,-10.0530833
19.874,0.266407,-5.026556552
19.876,0.246301,-10.05309075
19.88,0.226195,-5.026549101
19.882,0.206088,-10.05309075
19.886,0.183469,-5.654867739
19.888,0.163363,-10.0530982
19.892,0.143257,-6.702060501
19.894,0.12315,-10.05310193
19.897,0.103044,-6.702062984
19.9,0.082938,-6.702065468
19.903,0.060319,-7.539821168
19.906,0.040212,-6.702065468
19.909,0.020106,-6.702064226
19.912,0,-6.702064226
19.915,-0.020106,-6.702064226
19.918,-0.040212,-6.702064226
19.921,-0.060319,-6.702065468
19.924,-0.080425,-6.702062984
19.927,-0.103044,-7.539823651
19.93,-0.12315,-6.702062984
19.933,-0.143257,-6.702067951
19.936,-0.163363,-6.702060501
19.94,-0.185982,-5.654867739
19.943,-0.206088,-6.702065468
19.946,-0.226195,-6.702060501
19.949,-0.246301,-6.702065468
19.952,-0.266407,-6.702060501
19.955,-0.286513,-6.702075402
19.958,-0.306619,-6.702055534
19.961,-0.326726,-6.702065468
19.964,-0.346832,-6.702065468
19.967,-0.366938,-6.702065468
19.97,-0.384531,-5.864302317
19.973,-0.404637,-6.702075402
19.976,-0.424743,-6.7020456
19.979,-0.44485,-6.702075402
19.982,-0.462442,-5.864312251
19.985,-0.482549,-6.702065468
19.988,-0.500142,-5.864302317
19.991,-0.520248,-6.702065468
19.994,-0.537841,-5.864302317
19.997,-0.557947,-6.702065468
20,-0.57554,-5.864302317
20.003,-0.593133,-5.864322186
20.006,-0.610726,-5.864282449
20.009,-0.630832,-6.702085336
20.012,-0.648425,-5.864302317
20.015,-0.666018,-5.864302317
20.018,-0.681097,-5.026559035
20.022,-0.69869,-4.398211837
20.025,-0.716283,-5.864322186
20.028,-0.733876,-5.864302317
20.031,-0.748956,-5.026539167
20.034,-0.766549,-5.864322186
20.037,-0.784141,-5.864282449
20.04,-0.799221,-5.026578903
20.043,-0.814301,-5.026539167
20.046,-0.831894,-5.864322186
20.049,-0.846973,-5.026539167
20.052,-0.862053,-5.026539167
20.055,-0.877133,-5.026539167
20.058,-0.892212,-5.026559035
20.061,-0.907292,-5.026539167
20.064,-0.922372,-5.026539167
20.067,-0.934938,-4.188795885
20.07,-0.950018,-5.026539167
20.073,-0.962584,-4.188815753
20.076,-0.977664,-5.026539167
20.079,-0.99023,-4.188795885
20.082,-1.00531,-5.026519299
20.085,-1.017876,-4.188815753
20.088,-1.030442,-4.188815753
20.091,-1.043009,-4.18873628
20.094,-1.055575,-4.188815753
20.097,-1.068141,-4.188776016
20.101,-1.080708,-3.141611815
20.104,-1.090761,-3.351012866
20.107,-1.103327,-4.188815753
20.11,-1.115894,-4.188776016
20.113,-1.125947,-3.351012866
20.116,-1.136,-3.351052602
20.119,-1.148566,-4.188776016
20.122,-1.158619,-3.351052602
20.125,-1.168672,-3.351012866
20.128,-1.178726,-3.351052602
20.131,-1.188779,-3.351012866
20.134,-1.198832,-3.351012866
20.137,-1.206372,-2.513289452
20.14,-1.216425,-3.351052602
20.143,-1.223965,-2.513289452
20.146,-1.234018,-3.351012866
20.149,-1.241557,-2.513289452
20.152,-1.249097,-2.513249715
20.155,-1.25915,-3.351012866
20.158,-1.26669,-2.513289452
20.161,-1.27423,-2.513289452
20.164,-1.28177,-2.513249715
20.167,-1.286796,-1.675526301
20.17,-1.294336,-2.513289452
20.173,-1.301876,-2.513289452
20.176,-1.306903,-1.675486565
20.18,-1.314442,-1.884937286
20.183,-1.319469,-1.675526301
20.186,-1.324496,-1.675566038
20.189,-1.329522,-1.675486565
20.192,-1.334549,-1.675526301
20.195,-1.339575,-1.675526301
20.198,-1.344602,-1.675486565
20.201,-1.349628,-1.675526301
20.204,-1.354655,-1.675526301
20.207,-1.357168,-0.837763151
20.21,-1.362195,-1.675526301
20.213,-1.364708,-0.837723414
20.216,-1.367221,-0.837763151
20.219,-1.369734,-0.837763151
20.222,-1.374761,-1.675486565
20.225,-1.377274,-0.837802887
20.228,-1.379788,-0.837763151
20.232,-1.382301,-0.628292561
20.237,-1.384814,-0.50265789
20.242,-1.387327,-0.50265789
20.256,-1.389841,-0.179520675
20.259,-1.387327,0.837763151
20.271,-1.384814,0.209440788
20.277,-1.382301,0.418881575
20.281,-1.379788,0.628292561
20.285,-1.377274,0.628322363
20.288,-1.374761,0.837802887
20.291,-1.372248,0.837723414
20.294,-1.369734,0.837763151
20.297,-1.367221,0.837763151
20.299,-1.364708,1.256644726
20.302,-1.362195,0.837723414
20.304,-1.359681,1.25670433
20.306,-1.357168,1.256585121
20.308,-1.354655,1.256644726
20.31,-1.352141,1.256644726
20.312,-1.349628,1.256644726
20.314,-1.347115,1.256644726
20.315,-1.344602,2.513289452
20.317,-1.342088,1.256644726
20.319,-1.339575,1.256585121
20.322,-1.337062,0.837802887
20.325,-1.332035,1.675486565
20.328,-1.327009,1.675526301
20.331,-1.321982,1.675526301
20.334,-1.314442,2.513289452
20.337,-1.309416,1.675486565
20.34,-1.304389,1.675526301
20.342,-1.296849,3.769874573
20.345,-1.291823,1.675526301
20.348,-1.284283,2.513289452
20.351,-1.279257,1.675486565
20.354,-1.271717,2.513289452
20.357,-1.264177,2.513289452
20.36,-1.256637,2.513249715
20.363,-1.249097,2.513289452
20.366,-1.241557,2.513249715
20.369,-1.234018,2.513289452
20.372,-1.226478,2.513289452
20.375,-1.216425,3.351012866
20.378,-1.208885,2.513289452
20.381,-1.198832,3.351052602
20.384,-1.191292,2.513249715
20.387,-1.181239,3.351052602
20.39,-1.171186,3.351012866
20.393,-1.163646,2.513249715
20.396,-1.153593,3.351052602
20.399,-1.14354,3.351052602
20.402,-1.133487,3.351012866
20.404,-1.123434,5.026519299
20.407,-1.11338,3.351052602
20.41,-1.100814,4.188776016
20.413,-1.090761,3.351052602
20.416,-1.080708,3.351012866
20.419,-1.068141,4.188815753
20.422,-1.058088,3.351012866
20.425,-1.045522,4.188776016
20.428,-1.032956,4.188815753
20.431,-1.022903,3.351012866
20.434,-1.010336,4.188815753
20.437,-0.99777,4.188756148
20.44,-0.985203,4.188815753
20.443,-0.972637,4.188795885
20.446,-0.960071,4.188795885
20.449,-0.947504,4.188756148
20.452,-0.932425,5.026578903
20.455,-0.919858,4.188776016
20.458,-0.907292,4.188795885
20.461,-0.892212,5.026539167
20.463,-0.879646,6.283193827
20.466,-0.864566,5.026539167
20.469,-0.852,4.188795885
20.472,-0.83692,5.026539167
20.475,-0.821841,5.026578903
20.478,-0.806761,5.026539167
20.481,-0.794195,4.188795885
20.484,-0.779115,5.026539167
20.487,-0.764035,5.026539167
20.49,-0.748956,5.026559035
20.493,-0.733876,5.026539167
20.496,-0.718796,5.026559035
20.499,-0.701203,5.864302317
20.502,-0.686124,5.026539167
20.505,-0.671044,5.026559035
20.508,-0.655965,5.026539167
20.511,-0.638372,5.864302317
20.514,-0.623292,5.026539167
20.517,-0.605699,5.864322186
20.52,-0.590619,5.026559035
20.523,-0.573027,5.864282449
20.525,-0.557947,7.539838553
20.528,-0.540354,5.864302317
20.531,-0.525274,5.026559035
20.534,-0.507681,5.864302317
20.537,-0.490088,5.864302317
20.54,-0.472496,5.864312251
20.543,-0.457416,5.026539167
20.546,-0.439823,5.864312251
20.549,-0.42223,5.864312251
20.552,-0.404637,5.864292383
20.555,-0.387044,5.864312251
20.558,-0.369451,5.864302317
20.561,-0.351858,5.864312251
20.564,-0.334265,5.864312251
20.567,-0.316673,5.864302317
20.57,-0.29908,5.864302317
20.573,-0.281487,5.864312251
20.576,-0.263894,5.864302317
20.579,-0.246301,5.864307284
20.582,-0.228708,5.864302317
20.584,-0.211115,8.796468377
20.587,-0.193522,5.864302317
20.59,-0.175929,5.864307284
20.593,-0.155823,6.702060501
20.596,-0.13823,5.864312251
20.599,-0.120637,5.864302317
20.602,-0.103044,5.864307284
20.605,-0.085451,5.864307284
20.608,-0.067858,5.864304801
20.611,-0.050265,5.864307284
20.614,-0.030159,6.702064226
20.617,-0.012566,5.864306664
20.62,0.005027,5.864306043
20.623,0.022619,5.864306043
20.626,0.037699,5.026547859
20.629,0.055292,5.864306043
20.631,0.072885,8.796459064
20.634,0.090478,5.864307284
20.637,0.108071,5.864307284
20.64,0.125664,5.864302317
20.643,0.143257,5.864312251
20.646,0.158336,5.026544134
20.649,0.175929,5.864307284
20.651,0.193522,8.796460927
20.654,0.211115,5.864302317
20.657,0.226195,5.026549101
20.66,0.243788,5.864312251
20.663,0.261381,5.864307284
20.666,0.27646,5.026539167
20.669,0.294053,5.864312251
20.671,0.309133,7.53980875
20.674,0.326726,5.864312251
20.677,0.341805,5.026549101
20.68,0.359398,5.864302317
20.683,0.374478,5.026549101
20.686,0.392071,5.864302317
20.689,0.40715,5.026559035
20.692,0.42223,5.026539167
20.694,0.439823,8.796468377
20.697,0.454903,5.026559035
20.7,0.469982,5.026539167
20.703,0.485062,5.026549101
20.706,0.500142,5.026549101
20.709,0.515221,5.026559035
20.712,0.530301,5.026539167
20.714,0.54538,7.53980875
20.717,0.56046,5.026539167
20.72,0.57554,5.026559035
20.723,0.588106,4.188795885
20.726,0.603186,5.026539167
20.729,0.618265,5.026539167
20.732,0.630832,4.188815753
20.734,0.645911,7.53980875
20.737,0.658478,4.188795885
20.74,0.673557,5.026539167
20.743,0.686124,4.188795885
20.746,0.69869,4.188776016
20.749,0.71377,5.026559035
20.752,0.726336,4.188776016
20.755,0.738903,4.188815753
20.757,0.751469,6.283164024
20.76,0.764035,4.188795885
20.763,0.776602,4.188776016
20.766,0.789168,4.188795885
20.769,0.801734,4.188795885
20.772,0.811788,3.351032734
20.775,0.824354,4.188795885
20.777,0.83692,6.283193827
20.78,0.846973,3.351032734
20.783,0.85954,4.188795885
20.786,0.869593,3.351012866
20.789,0.879646,3.351032734
20.792,0.892212,4.188795885
20.795,0.902265,3.351032734
20.798,0.912319,3.351032734
20.8,0.922372,5.026519299
20.803,0.932425,3.351032734
20.806,0.942478,3.351052602
20.809,0.952531,3.351032734
20.812,0.960071,2.513249715
20.815,0.970124,3.351052602
20.818,0.980177,3.351032734
20.82,0.987717,3.769874573
20.823,0.99777,3.35107247
20.826,1.00531,2.513229847
20.829,1.012849,2.513289452
20.832,1.020389,2.513289452
20.835,1.030442,3.351052602
20.838,1.037982,2.513249715
20.84,1.045522,3.769934177
20.843,1.053062,2.513249715
20.846,1.058088,1.675526301
20.849,1.065628,2.513249715
20.852,1.073168,2.513289452
20.855,1.080708,2.513289452
20.858,1.085734,1.675526301
20.861,1.093274,2.513249715
20.863,1.098301,2.513229847
20.866,1.103327,1.675566038
20.869,1.110867,2.513249715
20.872,1.115894,1.675526301
20.875,1.12092,1.675486565
20.878,1.125947,1.675526301
20.881,1.130973,1.675566038
20.883,1.133487,1.256585121
20.886,1.138513,1.675526301
20.889,1.14354,1.675486565
20.892,1.146053,0.837802887
20.895,1.15108,1.675486565
20.898,1.153593,0.837763151
20.901,1.158619,1.675526301
20.904,1.161133,1.256644726
20.906,1.163646,1.256644726
20.909,1.166159,0.837723414
20.912,1.168672,0.837763151
20.915,1.171186,0.837763151
20.918,1.173699,0.837763151
20.921,1.176212,0.837763151
20.924,1.178726,0.837763151
20.927,1.181239,0.837723414
20.933,1.183752,0.418881575
20.962,1.181239,-0.086665154
20.968,1.178726,-0.418861707
20.972,1.176212,-0.628322363
20.976,1.173699,-0.628322363
20.98,1.171186,-0.628322363
20.983,1.168672,-0.837763151
20.986,1.166159,-0.837763151
20.989,1.163646,-0.837723414
20.991,1.161133,-1.256644726
20.993,1.158619,-1.256644726
20.996,1.156106,-0.837763151
20.998,1.153593,-1.256644726
21,1.15108,-1.256644726
21.002,1.148566,-1.256644726
21.004,1.146053,-1.256585121
21.006,1.14354,-1.25670433
21.007,1.141026,-2.513170242
21.009,1.138513,-1.256644726
21.011,1.136,-1.256644726
21.013,1.133487,-1.256644726
21.016,1.12846,-1.675526301
21.019,1.123434,-1.675486565
21.022,1.118407,-1.675526301
21.025,1.11338,-1.675526301
21.028,1.108354,-1.675486565
21.031,1.103327,-1.675526301
21.034,1.095788,-2.513289452
21.037,1.090761,-1.675526301
21.04,1.083221,-2.513289452
21.043,1.078195,-1.675486565
21.046,1.070655,-2.513289452
21.049,1.065628,-1.675526301
21.052,1.058088,-2.513249715
21.055,1.050549,-2.513289452
21.058,1.043009,-2.513289452
21.061,1.035469,-2.513249715
21.063,1.027929,-3.769934177
21.066,1.020389,-2.513249715
21.069,1.010336,-3.351052602
21.072,1.002796,-2.513249715
21.075,0.995257,-2.513289452
21.078,0.985203,-3.351032734
21.081,0.977664,-2.513269583
21.084,0.967611,-3.351032734
21.087,0.957557,-3.351032734
21.09,0.950018,-2.513289452
21.093,0.939965,-3.351012866
21.096,0.929911,-3.351032734
21.099,0.919858,-3.351032734
21.102,0.909805,-3.351012866
21.105,0.899752,-3.35107247
21.108,0.889699,-3.351012866
21.111,0.877133,-4.188795885
21.114,0.86708,-3.351032734
21.117,0.857026,-3.351032734
21.12,0.84446,-4.188795885
21.123,0.834407,-3.351032734
21.125,0.821841,-6.283193827
21.128,0.811788,-3.351012866
21.131,0.799221,-4.188776016
21.134,0.786655,-4.188795885
21.137,0.774088,-4.188795885
21.14,0.761522,-4.188795885
21.143,0.751469,-3.351032734
21.146,0.738903,-4.188776016
21.149,0.726336,-4.188815753
21.152,0.711257,-5.026539167
21.155,0.69869,-4.188795885
21.158,0.686124,-4.188776016
21.161,0.673557,-4.188795885
21.164,0.658478,-5.026539167
21.167,0.645911,-4.188795885
21.17,0.633345,-4.188795885
21.173,0.618265,-5.026559035
21.176,0.605699,-4.188776016
21.179,0.590619,-5.026559035
21.182,0.578053,-4.188776016
21.184,0.562973,-7.539838553
21.187,0.547894,-5.026539167
21.19,0.532814,-5.026559035
21.193,0.520248,-4.188776016
21.196,0.505168,-5.026559035
21.199,0.490088,-5.026539167
21.202,0.475009,-5.026559035
21.205,0.459929,-5.026539167
21.208,0.44485,-5.026549101
21.211,0.42977,-5.026539167
21.214,0.41469,-5.026559035
21.217,0.399611,-5.026539167
21.22,0.384531,-5.026559035
21.223,0.369451,-5.026539167
21.226,0.354372,-5.026549101
21.229,0.336779,-5.864312251
21.232,0.321699,-5.026549101
21.235,0.306619,-5.026549101
21.238,0.29154,-5.026549101
21.241,0.273947,-5.864302317
21.244,0.258867,-5.026549101
21.246,0.243788,-7.539816201
21.249,0.226195,-5.864312251
21.252,0.211115,-5.026549101
21.255,0.196035,-5.026549101
21.258,0.178442,-5.864302317
21.261,0.163363,-5.026549101
21.264,0.14577,-5.864307284
21.267,0.13069,-5.026544134
21.27,0.115611,-5.026549101
21.273,0.098018,-5.864309768
21.276,0.082938,-5.026546617
21.279,0.065345,-5.864304801
21.282,0.050265,-5.026549101
21.285,0.032673,-5.864306043
21.288,0.017593,-5.026549101
21.291,0.002513,-5.026547859
21.294,-0.01508,-5.864306664
21.297,-0.030159,-5.02654848
21.3,-0.047752,-5.864306043
21.303,-0.062832,-5.026546617
21.306,-0.080425,-5.864307284
21.309,-0.098018,-5.864304801
21.312,-0.113097,-5.026549101
21.315,-0.13069,-5.864309768
21.318,-0.14577,-5.026544134
21.321,-0.163363,-5.864307284
21.324,-0.178442,-5.026549101
21.327,-0.196035,-5.864302317
21.33,-0.211115,-5.026549101
21.333,-0.226195,-5.026549101
21.336,-0.243788,-5.864312251
21.339,-0.258867,-5.026544134
21.342,-0.273947,-5.026549101
21.345,-0.29154,-5.864302317
21.348,-0.306619,-5.026549101
21.351,-0.321699,-5.026549101
21.354,-0.336779,-5.026549101
21.357,-0.351858,-5.026549101
21.361,-0.366938,-3.769911826
21.364,-0.382018,-5.026549101
21.367,-0.397097,-5.026539167
21.37,-0.412177,-5.026559035
21.373,-0.427257,-5.026549101
21.376,-0.442336,-5.026539167
21.379,-0.457416,-5.026559035
21.382,-0.472496,-5.026539167
21.385,-0.487575,-5.026559035
21.388,-0.500142,-4.18878595
21.391,-0.515221,-5.026559035
21.394,-0.527788,-4.188776016
21.397,-0.542867,-5.026559035
21.4,-0.555434,-4.188776016
21.403,-0.570513,-5.026559035
21.406,-0.58308,-4.188776016
21.409,-0.595646,-4.188795885
21.412,-0.610726,-5.026539167
21.415,-0.623292,-4.188815753
21.418,-0.635858,-4.188776016
21.421,-0.648425,-4.188795885
21.424,-0.660991,-4.188776016
21.427,-0.673557,-4.188795885
21.43,-0.686124,-4.188795885
21.433,-0.696177,-3.351032734
21.436,-0.708743,-4.188795885
21.44,-0.72131,-3.141582012
21.443,-0.731363,-3.351052602
21.446,-0.743929,-4.188776016
21.449,-0.753982,-3.351032734
21.452,-0.766549,-4.188795885
21.455,-0.776602,-3.351012866
21.458,-0.786655,-3.351052602
21.461,-0.796708,-3.351032734
21.464,-0.806761,-3.351012866
21.467,-0.816814,-3.351032734
21.47,-0.826867,-3.351052602
21.473,-0.83692,-3.351032734
21.476,-0.846973,-3.351032734
21.479,-0.857026,-3.351012866
21.482,-0.864566,-2.513289452
21.485,-0.874619,-3.351032734
21.488,-0.882159,-2.513289452
21.491,-0.892212,-3.351012866
21.494,-0.899752,-2.513249715
21.497,-0.907292,-2.513289452
21.5,-0.914832,-2.513289452
21.503,-0.924885,-3.351032734
21.506,-0.932425,-2.513249715
21.509,-0.939965,-2.513289452
21.512,-0.944991,-1.675506433
21.515,-0.952531,-2.513289452
21.519,-0.960071,-1.884937286
21.522,-0.967611,-2.513289452
21.525,-0.972637,-1.675506433
21.528,-0.980177,-2.513289452
21.531,-0.985203,-1.675506433
21.534,-0.99023,-1.675526301
21.537,-0.995257,-1.675506433
21.54,-1.002796,-2.513289452
21.543,-1.007823,-1.675526301
21.546,-1.012849,-1.675486565
21.549,-1.015363,-0.837763151
21.552,-1.020389,-1.675526301
21.555,-1.025416,-1.675526301
21.558,-1.030442,-1.675526301
21.561,-1.032956,-0.837723414
21.564,-1.037982,-1.675526301
21.567,-1.040496,-0.837763151
21.57,-1.043009,-0.837723414
21.573,-1.045522,-0.837802887
21.576,-1.050549,-1.675486565
21.579,-1.053062,-0.837763151
21.582,-1.055575,-0.837763151
21.586,-1.058088,-0.628322363
21.59,-1.060602,-0.628322363
21.594,-1.063115,-0.628322363
21.601,-1.065628,-0.35902432
21.63,-1.063115,0.086661043
21.636,-1.060602,0.418881575
21.641,-1.058088,0.50265789
21.645,-1.055575,0.628322363
21.649,-1.053062,0.628322363
21.652,-1.050549,0.837763151
21.655,-1.048035,0.837723414
21.658,-1.045522,0.837763151
21.66,-1.043009,1.25670433
21.663,-1.040496,0.837723414
21.665,-1.037982,1.256644726
21.667,-1.035469,1.256644726
21.669,-1.032956,1.256644726
21.672,-1.030442,0.837723414
21.673,-1.027929,2.513408661
21.675,-1.025416,1.256585121
21.677,-1.022903,1.256644726
21.679,-1.020389,1.256644726
21.681,-1.017876,1.256644726
21.683,-1.015363,1.256644726
21.685,-1.012849,1.256644726
21.688,-1.007823,1.675486565
21.691,-1.002796,1.675526301
21.694,-0.99777,1.675506433
21.697,-0.992743,1.675526301
21.7,-0.987717,1.675546169
21.703,-0.98269,1.675506433
21.706,-0.977664,1.675506433
21.709,-0.970124,2.513269583
21.712,-0.965097,1.675506433
21.715,-0.957557,2.513289452
21.718,-0.952531,1.675506433
21.721,-0.944991,2.513289452
21.724,-0.937451,2.513249715
21.727,-0.932425,1.675546169
21.73,-0.924885,2.513249715
21.733,-0.917345,2.513289452
21.735,-0.909805,3.769874573
21.738,-0.902265,2.513289452
21.741,-0.894726,2.513289452
21.744,-0.887186,2.513249715
21.747,-0.879646,2.513289452
21.75,-0.869593,3.351032734
21.753,-0.862053,2.513269583
21.756,-0.852,3.351032734
21.759,-0.84446,2.513289452
21.762,-0.834407,3.351032734
21.765,-0.826867,2.513249715
21.768,-0.816814,3.351052602
21.771,-0.806761,3.351032734
21.774,-0.799221,2.513249715
21.777,-0.789168,3.351052602
21.78,-0.779115,3.351032734
21.783,-0.769062,3.351032734
21.786,-0.759009,3.351012866
21.789,-0.748956,3.351052602
21.792,-0.738903,3.351012866
21.794,-0.728849,5.026578903
21.797,-0.716283,4.188776016
21.8,-0.70623,3.351032734
21.803,-0.696177,3.351032734
21.806,-0.683611,4.188795885
21.809,-0.673557,3.351032734
21.812,-0.660991,4.188795885
21.815,-0.650938,3.351012866
21.818,-0.638372,4.188795885
21.821,-0.625805,4.188795885
21.824,-0.615752,3.351032734
21.827,-0.603186,4.188795885
21.83,-0.590619,4.188795885
21.833,-0.578053,4.188776016
21.836,-0.568,3.351032734
21.839,-0.555434,4.188795885
21.842,-0.542867,4.188776016
21.845,-0.530301,4.188795885
21.848,-0.517734,4.188795885
21.851,-0.505168,4.188795885
21.854,-0.490088,5.026539167
21.856,-0.477522,6.283193827
21.859,-0.464956,4.18878595
21.862,-0.452389,4.188795885
21.865,-0.439823,4.18878595
21.868,-0.424743,5.026559035
21.871,-0.412177,4.188776016
21.874,-0.399611,4.18878595
21.877,-0.384531,5.026559035
21.88,-0.371965,4.18878595
21.883,-0.359398,4.188795885
21.886,-0.344319,5.026539167
21.889,-0.331752,4.188795885
21.892,-0.316673,5.026549101
21.895,-0.304106,4.18878595
21.898,-0.289027,5.026549101
21.901,-0.27646,4.188795885
21.904,-0.261381,5.026539167
21.907,-0.246301,5.026554068
21.91,-0.233734,4.188790917
21.913,-0.218655,5.026544134
21.916,-0.203575,7.539823651
21.918,-0.191009,6.283186376
21.921,-0.175929,5.026549101
21.924,-0.16085,5.026549101
21.927,-0.148283,4.18878595
21.93,-0.133204,5.026554068
21.933,-0.118124,5.026546617
21.936,-0.105558,4.188790917
21.939,-0.090478,5.026546617
21.942,-0.075398,5.026549101
21.945,-0.062832,4.188790917
21.948,-0.047752,5.026546617
21.951,-0.032673,5.026547859
21.954,-0.020106,4.188790917
21.957,-0.005027,5.02654817
21.96,0.010053,5.02654817
21.963,0.022619,4.188790297
21.965,0.037699,7.539821789
21.968,0.050265,4.188790917
21.971,0.065345,5.026549101
21.974,0.077912,4.188790917
21.977,0.092991,5.026546617
21.98,0.105558,4.188788434
21.983,0.118124,4.188790917
21.986,0.133204,5.026546617
21.988,0.14577,6.283186376
21.991,0.16085,5.026549101
21.994,0.173416,4.188790917
21.997,0.185982,4.188790917
22,0.201062,5.026549101
22.003,0.213628,4.188790917
22.006,0.226195,4.18878595
22.008,0.238761,6.283186376
22.011,0.253841,5.026549101
22.014,0.266407,4.18878595
22.017,0.278973,4.188795885
22.02,0.29154,4.18878595
22.023,0.304106,4.188795885
22.026,0.316673,4.18878595
22.029,0.329239,4.188795885
22.031,0.341805,6.283178926
22.034,0.354372,4.188795885
22.037,0.366938,4.18878595
22.04,0.379504,4.188795885
22.043,0.392071,4.188776016
22.046,0.404637,4.188805819
22.049,0.41469,3.3510228
22.051,0.427257,6.283193827
22.054,0.439823,4.18878595
22.057,0.449876,3.3510228
22.06,0.462442,4.188805819
22.063,0.475009,4.188776016
22.066,0.485062,3.351042668
22.069,0.497628,4.18878595
22.071,0.507681,5.026549101
22.074,0.517734,3.351032734
22.077,0.530301,4.188795885
22.08,0.540354,3.351032734
22.083,0.550407,3.351032734
22.086,0.56046,3.351012866
22.089,0.570513,3.351052602
22.092,0.580566,3.351032734
22.094,0.590619,5.026519299
22.097,0.600673,3.351052602
22.1,0.610726,3.351012866
22.103,0.620779,3.351052602
22.106,0.630832,3.351032734
22.109,0.640885,3.351012866
22.112,0.648425,2.513289452
22.114,0.658478,5.026549101
22.117,0.668531,3.351012866
22.12,0.676071,2.513289452
22.123,0.686124,3.351032734
22.126,0.693664,2.513269583
22.129,0.701203,2.513269583
22.132,0.711257,3.351032734
22.134,0.718796,3.769904375
22.137,0.726336,2.513269583
22.14,0.733876,2.513289452
22.143,0.741416,2.513269583
22.146,0.748956,2.513269583
22.149,0.756495,2.513269583
22.152,0.764035,2.513289452
22.155,0.771575,2.513269583
22.157,0.779115,3.769904375
22.16,0.784141,1.675506433
22.163,0.791681,2.513289452
22.166,0.796708,1.675526301
22.169,0.804248,2.513269583
22.172,0.809274,1.675526301
22.175,0.816814,2.513249715
22.177,0.821841,2.513259649
22.18,0.826867,1.675546169
22.183,0.831894,1.675526301
22.186,0.83692,1.675506433
22.189,0.841947,1.675506433
22.192,0.846973,1.675526301
22.195,0.852,1.675506433
22.198,0.857026,1.675506433
22.2,0.862053,2.513289452
22.203,0.86708,1.675506433
22.206,0.869593,0.837763151
22.209,0.874619,1.675526301
22.212,0.877133,0.837743282
22.215,0.882159,1.675546169
22.218,0.884672,0.837723414
22.22,0.887186,1.256674528
22.223,0.889699,0.837743282
22.226,0.894726,1.675506433
22.229,0.897239,0.837783019
22.232,0.899752,0.837723414
22.235,0.902265,0.837783019
22.238,0.904779,0.837743282
22.242,0.907292,0.628322363
22.246,0.909805,0.628337264
22.251,0.912319,0.502645969
22.258,0.914832,0.35904135
22.285,0.912319,-0.093084795
22.292,0.909805,-0.359032835
22.297,0.907292,-0.502669811
22.301,0.904779,-0.628322363
22.305,0.902265,-0.628307462
22.309,0.899752,-0.628337264
22.312,0.897239,-0.837723414
22.315,0.894726,-0.837783019
22.317,0.892212,-1.256614924
22.32,0.889699,-0.837763151
22.323,0.887186,-0.837743282
22.325,0.884672,-1.256674528
22.327,0.882159,-1.256585121
22.329,0.879646,-1.256674528
22.332,0.877133,-0.837763151
22.333,0.874619,-2.513229847
22.335,0.872106,-1.256674528
22.337,0.869593,-1.256614924
22.339,0.86708,-1.256644726
22.341,0.864566,-1.256614924
22.343,0.862053,-1.256644726
22.345,0.85954,-1.256614924
22.348,0.854513,-1.675526301
22.351,0.849487,-1.675546169
22.354,0.846973,-0.837723414
22.357,0.841947,-1.675526301
22.36,0.83692,-1.675506433
22.363,0.82938,-2.513289452
22.366,0.824354,-1.675506433
22.369,0.819327,-1.675526301
22.372,0.814301,-1.675506433
22.375,0.806761,-2.513289452
22.378,0.801734,-1.675506433
22.381,0.794195,-2.513289452
22.384,0.789168,-1.675506433
22.386,0.781628,-3.769904375
22.389,0.776602,-1.675526301
22.392,0.769062,-2.513269583
22.395,0.761522,-2.513269583
22.398,0.753982,-2.513269583
22.401,0.746442,-2.513269583
22.404,0.738903,-2.513269583
22.407,0.731363,-2.513269583
22.41,0.723823,-2.513289452
22.413,0.716283,-2.513269583
22.416,0.708743,-2.513269583
22.419,0.69869,-3.351052602
22.422,0.69115,-2.513269583
22.425,0.683611,-2.513269583
22.428,0.673557,-3.351032734
22.431,0.666018,-2.513269583
22.434,0.655965,-3.351032734
22.437,0.645911,-3.351032734
22.44,0.638372,-2.513269583
22.443,0.628319,-3.351032734
22.445,0.618265,-5.026578903
22.448,0.608212,-3.351012866
22.451,0.600673,-2.513269583
22.454,0.590619,-3.351052602
22.457,0.580566,-3.351012866
22.46,0.570513,-3.351032734
22.463,0.56046,-3.351052602
22.466,0.550407,-3.351012866
22.469,0.537841,-4.188795885
22.472,0.527788,-3.351032734
22.475,0.517734,-3.351032734
22.478,0.507681,-3.351032734
22.481,0.495115,-4.18878595
22.484,0.485062,-3.351032734
22.487,0.475009,-3.351042668
22.49,0.462442,-4.188776016
22.493,0.452389,-3.351042668
22.496,0.439823,-4.18878595
22.499,0.42977,-3.3510228
22.502,0.417203,-4.188805819
22.505,0.404637,-4.188776016
22.507,0.394584,-5.026564002
22.51,0.382018,-4.18878595
22.513,0.369451,-4.18878595
22.516,0.359398,-3.351042668
22.519,0.346832,-4.18878595
22.522,0.334265,-4.188795885
22.525,0.321699,-4.18878595
22.528,0.309133,-4.188795885
22.531,0.296566,-4.188776016
22.534,0.284,-4.188795885
22.537,0.273947,-3.351032734
22.54,0.261381,-4.18878595
22.543,0.248814,-4.188795885
22.546,0.236248,-4.188790917
22.549,0.223681,-4.188790917
22.552,0.211115,-4.188790917
22.555,0.198549,-4.188790917
22.558,0.185982,-4.18878595
22.561,0.170903,-5.026549101
22.564,0.158336,-4.188790917
22.566,0.14577,-6.283186376
22.569,0.133204,-4.188790917
22.572,0.120637,-4.18878595
22.575,0.108071,-4.188790917
22.578,0.095504,-4.188790917
22.581,0.082938,-4.188790917
22.584,0.070372,-4.188790917
22.587,0.055292,-5.026547859
22.59,0.042726,-4.188789676
22.593,0.030159,-4.188789676
22.596,0.017593,-4.188790917
22.599,0.005027,-4.188789986
22.602,-0.00754,-4.188790297
22.605,-0.020106,-4.188789986
22.608,-0.035186,-5.026547859
22.611,-0.047752,-4.188790917
22.614,-0.060319,-4.188790917
22.617,-0.072885,-4.188788434
22.62,-0.087965,-5.026549101
22.623,-0.100531,-4.188790917
22.626,-0.113097,-4.188788434
22.629,-0.125664,-4.188788434
22.632,-0.13823,-4.188790917
22.635,-0.150796,-4.188790917
22.638,-0.165876,-5.026549101
22.641,-0.178442,-4.188790917
22.644,-0.191009,-4.188790917
22.647,-0.203575,-4.188790917
22.651,-0.216142,-3.141593188
22.654,-0.228708,-4.188790917
22.657,-0.241274,-4.188790917
22.66,-0.253841,-4.18878595
22.663,-0.266407,-4.18878595
22.666,-0.278973,-4.188795885
22.669,-0.29154,-4.18878595
22.672,-0.301593,-3.351032734
22.675,-0.314159,-4.188795885
22.678,-0.326726,-4.18878595
22.681,-0.339292,-4.188795885
22.684,-0.351858,-4.18878595
22.687,-0.361911,-3.351032734
22.69,-0.374478,-4.18878595
22.693,-0.384531,-3.351032734
22.696,-0.397097,-4.18878595
22.699,-0.40715,-3.351042668
22.702,-0.419717,-4.18878595
22.705,-0.42977,-3.351042668
22.708,-0.442336,-4.188776016
22.711,-0.452389,-3.351032734
22.714,-0.462442,-3.351042668
22.717,-0.472496,-3.3510228
22.72,-0.485062,-4.188795885
22.723,-0.495115,-3.351032734
22.726,-0.505168,-3.3510228
22.73,-0.515221,-2.513289452
22.733,-0.525274,-3.351012866
22.736,-0.535327,-3.351032734
22.739,-0.54538,-3.351032734
22.742,-0.55292,-2.513269583
22.745,-0.562973,-3.351032734
22.748,-0.573027,-3.351052602
22.751,-0.58308,-3.351012866
22.754,-0.590619,-2.513269583
22.757,-0.600673,-3.351052602
22.76,-0.608212,-2.513269583
22.763,-0.618265,-3.351012866
22.766,-0.625805,-2.513289452
22.769,-0.633345,-2.513269583
22.772,-0.640885,-2.513269583
22.775,-0.650938,-3.351052602
22.778,-0.658478,-2.513269583
22.781,-0.666018,-2.513269583
22.784,-0.673557,-2.513269583
22.787,-0.681097,-2.513289452
22.79,-0.688637,-2.513269583
22.793,-0.693664,-1.675506433
22.796,-0.701203,-2.513269583
22.799,-0.708743,-2.513289452
22.802,-0.71377,-1.675506433
22.805,-0.72131,-2.513269583
22.809,-0.728849,-1.884952188
22.812,-0.733876,-1.675526301
22.815,-0.738903,-1.675526301
22.818,-0.746442,-2.513269583
22.821,-0.751469,-1.675506433
22.824,-0.756495,-1.675506433
22.827,-0.761522,-1.675526301
22.83,-0.766549,-1.675526301
22.833,-0.771575,-1.675506433
22.836,-0.776602,-1.675506433
22.839,-0.781628,-1.675526301
22.842,-0.784141,-0.837743282
22.845,-0.789168,-1.675526301
22.848,-0.794195,-1.675506433
22.851,-0.796708,-0.837783019
22.854,-0.801734,-1.675506433
22.857,-0.804248,-0.837763151
22.86,-0.806761,-0.837743282
22.863,-0.811788,-1.675526301
22.866,-0.814301,-0.837763151
22.869,-0.816814,-0.837743282
22.872,-0.819327,-0.837763151
22.875,-0.821841,-0.837743282
22.878,-0.824354,-0.837783019
22.881,-0.826867,-0.837763151
22.885,-0.82938,-0.628307462
22.89,-0.831894,-0.502669811
22.897,-0.834407,-0.35902432
22.907,-0.83692,-0.251334906
22.921,-0.834407,0.179524933
22.931,-0.831894,0.251317024
22.938,-0.82938,0.359049865
22.943,-0.826867,0.502645969
22.947,-0.824354,0.628322363
22.951,-0.821841,0.628337264
22.954,-0.819327,0.837743282
22.957,-0.816814,0.837763151
22.96,-0.814301,0.837743282
22.963,-0.811788,0.837763151
22.966,-0.809274,0.837743282
22.968,-0.806761,1.256674528
22.971,-0.804248,0.837743282
22.973,-0.801734,1.256644726
22.975,-0.799221,1.256614924
22.977,-0.796708,1.256644726
22.979,-0.794195,1.256674528
22.982,-0.791681,0.837743282
22.984,-0.789168,1.256644726
22.985,-0.786655,2.513229847
22.987,-0.784141,1.256674528
22.989,-0.781628,1.256614924
22.991,-0.779115,1.256644726
22.994,-0.776602,0.837763151
22.997,-0.771575,1.675506433
23,-0.766549,1.675506433
23.003,-0.761522,1.675526301
23.005,-0.756495,2.513289452
23.008,-0.751469,1.675506433
23.011,-0.746442,1.675506433
23.014,-0.741416,1.675526301
23.017,-0.736389,1.675506433
23.02,-0.731363,1.675506433
23.023,-0.726336,1.675546169
23.026,-0.718796,2.513269583
23.029,-0.71377,1.675506433
23.032,-0.70623,2.513269583
23.035,-0.701203,1.675526301
23.038,-0.693664,2.513269583
23.041,-0.688637,1.675506433
23.044,-0.681097,2.513269583
23.047,-0.673557,2.513289452
23.05,-0.668531,1.675526301
23.053,-0.660991,2.513269583
23.056,-0.653451,2.513269583
23.059,-0.645911,2.513269583
23.062,-0.638372,2.513269583
23.065,-0.630832,2.513269583
23.067,-0.623292,3.769904375
23.07,-0.615752,2.513289452
23.073,-0.605699,3.351032734
23.076,-0.598159,2.513269583
23.079,-0.590619,2.513289452
23.082,-0.58308,2.513269583
23.085,-0.573027,3.351012866
23.088,-0.565487,2.513269583
23.091,-0.555434,3.351052602
23.094,-0.547894,2.513269583
23.097,-0.537841,3.351032734
23.1,-0.530301,2.513269583
23.103,-0.520248,3.351032734
23.106,-0.512708,2.513269583
23.109,-0.502655,3.351052602
23.112,-0.492602,3.3510228
23.115,-0.482549,3.3510228
23.118,-0.472496,3.351042668
23.121,-0.464956,2.513269583
23.124,-0.454903,3.3510228
23.126,-0.44485,5.026564002
23.129,-0.434796,3.351032734
23.132,-0.424743,3.351042668
23.135,-0.41469,3.3510228
23.138,-0.404637,3.3510228
23.141,-0.394584,3.351042668
23.144,-0.384531,3.351032734
23.147,-0.374478,3.351032734
23.15,-0.361911,4.18878595
23.153,-0.351858,3.351032734
23.156,-0.341805,3.351032734
23.159,-0.331752,3.351032734
23.162,-0.321699,3.351032734
23.165,-0.309133,4.188795885
23.168,-0.29908,3.3510228
23.171,-0.289027,3.351032734
23.174,-0.27646,4.188795885
23.177,-0.266407,3.351032734
23.18,-0.253841,4.18878595
23.183,-0.243788,3.351027767
23.186,-0.233734,3.351037701
23.188,-0.221168,6.283186376
23.191,-0.211115,3.351032734
23.194,-0.198549,4.188790917
23.197,-0.188496,3.351027767
23.2,-0.175929,4.188790917
23.203,-0.165876,3.351032734
23.206,-0.15331,4.188790917
23.209,-0.143257,3.351027767
23.212,-0.13069,4.188790917
23.215,-0.120637,3.351032734
23.218,-0.108071,4.188790917
23.221,-0.098018,3.351035217
23.224,-0.085451,4.188788434
23.227,-0.075398,3.351032734
23.23,-0.062832,4.188790917
23.233,-0.050265,4.188788434
23.236,-0.040212,3.351032734
23.239,-0.027646,4.188790297
23.242,-0.017593,3.351032113
23.245,-0.005027,4.188789986
23.247,0.005027,5.02654817
23.25,0.01508,3.351032424
23.253,0.027646,4.188789676
23.256,0.037699,3.351032113
23.259,0.050265,4.188790917
23.262,0.060319,3.351032734
23.265,0.070372,3.35103025
23.268,0.082938,4.188790917
23.27,0.092991,5.026549101
23.273,0.103044,3.351032734
23.276,0.113097,3.35103025
23.279,0.125664,4.188788434
23.282,0.135717,3.351037701
23.285,0.14577,3.351027767
23.288,0.158336,4.188790917
23.29,0.168389,5.026549101
23.293,0.178442,3.351032734
23.296,0.188496,3.351032734
23.299,0.198549,3.351027767
23.302,0.208602,3.351032734
23.305,0.218655,3.351037701
23.308,0.231221,4.188790917
23.311,0.241274,3.351032734
23.313,0.251327,5.0265342
23.316,0.261381,3.351042668
23.319,0.271434,3.351032734
23.322,0.281487,3.3510228
23.325,0.289027,2.513279518
23.328,0.29908,3.351032734
23.331,0.309133,3.3510228
23.333,0.319186,5.026564002
23.336,0.329239,3.351032734
23.339,0.339292,3.351032734
23.342,0.346832,2.513269583
23.345,0.356885,3.351032734
23.348,0.366938,3.351032734
23.351,0.374478,2.513269583
23.353,0.384531,5.026549101
23.356,0.392071,2.513269583
23.359,0.402124,3.351042668
23.362,0.409664,2.513269583
23.365,0.419717,3.351032734
23.368,0.427257,2.513279518
23.371,0.43731,3.351032734
23.374,0.44485,2.513269583
23.376,0.452389,3.769904375
23.379,0.459929,2.513279518
23.382,0.469982,3.351032734
23.385,0.477522,2.513269583
23.388,0.485062,2.513279518
23.391,0.492602,2.513269583
23.394,0.500142,2.513279518
23.396,0.507681,3.769904375
23.399,0.515221,2.513289452
23.402,0.522761,2.513269583
23.405,0.527788,1.675506433
23.408,0.535327,2.513269583
23.411,0.542867,2.513289452
23.414,0.550407,2.513269583
23.416,0.555434,2.513259649
23.419,0.562973,2.513269583
23.422,0.568,1.675526301
23.425,0.57554,2.513269583
23.428,0.580566,1.675526301
23.431,0.588106,2.513269583
23.434,0.593133,1.675526301
23.437,0.598159,1.675506433
23.439,0.603186,2.513259649
23.442,0.608212,1.675526301
23.445,0.615752,2.513269583
23.448,0.620779,1.675526301
23.451,0.625805,1.675506433
23.454,0.630832,1.675526301
23.457,0.635858,1.675506433
23.459,0.638372,1.256644726
23.462,0.643398,1.675506433
23.465,0.648425,1.675526301
23.468,0.653451,1.675506433
23.471,0.655965,0.837763151
23.474,0.660991,1.675506433
23.477,0.663504,0.837763151
23.48,0.668531,1.675506433
23.482,0.671044,1.256644726
23.485,0.676071,1.675526301
23.488,0.678584,0.837763151
23.491,0.681097,0.837763151
23.494,0.683611,0.837743282
23.497,0.686124,0.837763151
23.5,0.688637,0.837763151
23.502,0.69115,1.256614924
23.505,0.693664,0.837763151
23.508,0.696177,0.837763151
23.511,0.69869,0.837743282
23.514,0.701203,0.837763151
23.517,0.703717,0.837763151
23.521,0.70623,0.628322363
23.526,0.708743,0.50265789
23.533,0.711257,0.359032835
23.547,0.71377,0.179520675
23.554,0.711257,-0.35904135
23.567,0.708743,-0.193325373
23.574,0.70623,-0.35904135
23.58,0.703717,-0.418881575
23.584,0.701203,-0.628322363
23.588,0.69869,-0.628322363
23.592,0.696177,-0.628307462
23.595,0.693664,-0.837763151
23.599,0.69115,-0.628322363
23.602,0.688637,-0.837743282
23.604,0.686124,-1.256644726
23.607,0.683611,-0.837763151
23.61,0.681097,-0.837743282
23.612,0.678584,-1.256644726
23.614,0.676071,-1.256644726
23.617,0.673557,-0.837763151
23.619,0.671044,-1.256644726
23.621,0.668531,-1.256644726
23.623,0.666018,-1.256614924
23.625,0.663504,-1.256644726
23.627,0.660991,-1.256644726
23.629,0.658478,-1.256614924
23.631,0.655965,-1.256644726
23.633,0.653451,-1.256644726
23.635,0.650938,-1.256614924
23.638,0.648425,-0.837763151
23.641,0.643398,-1.675526301
23.644,0.638372,-1.675506433
23.647,0.633345,-1.675526301
23.65,0.628319,-1.675506433
23.653,0.623292,-1.675506433
23.655,0.618265,-2.513319254
23.658,0.613239,-1.675506433
23.661,0.608212,-1.675506433
23.664,0.603186,-1.675526301
23.667,0.598159,-1.675506433
23.67,0.593133,-1.675506433
23.673,0.585593,-2.513289452
23.676,0.580566,-1.675506433
23.679,0.57554,-1.675526301
23.682,0.568,-2.513269583
23.685,0.562973,-1.675526301
23.688,0.555434,-2.513269583
23.691,0.550407,-1.675506433
23.694,0.542867,-2.513269583
23.697,0.535327,-2.513289452
23.7,0.527788,-2.513269583
23.703,0.522761,-1.675506433
23.706,0.515221,-2.513269583
23.709,0.507681,-2.513289452
23.712,0.500142,-2.513269583
23.715,0.492602,-2.513279518
23.717,0.485062,-3.769904375
23.72,0.477522,-2.513279518
23.723,0.469982,-2.513269583
23.726,0.462442,-2.513269583
23.729,0.454903,-2.513269583
23.732,0.447363,-2.513289452
23.735,0.43731,-3.3510228
23.738,0.42977,-2.513269583
23.741,0.42223,-2.513289452
23.744,0.412177,-3.3510228
23.747,0.404637,-2.513269583
23.75,0.397097,-2.513289452
23.753,0.387044,-3.3510228
23.756,0.379504,-2.513269583
23.759,0.369451,-3.351032734
23.762,0.361911,-2.513279518
23.765,0.351858,-3.351032734
23.768,0.341805,-3.351032734
23.771,0.334265,-2.513279518
23.774,0.324212,-3.3510228
23.776,0.316673,-3.769919276
23.779,0.306619,-3.351032734
23.782,0.296566,-3.3510228
23.785,0.286513,-3.351032734
23.788,0.278973,-2.513279518
23.791,0.26892,-3.351032734
23.794,0.258867,-3.351032734
23.797,0.248814,-3.351032734
23.8,0.238761,-3.351032734
23.803,0.228708,-3.351027767
23.806,0.218655,-3.351032734
23.809,0.208602,-3.351037701
23.812,0.201062,-2.513269583
23.815,0.191009,-3.351032734
23.818,0.180956,-3.351032734
23.821,0.170903,-3.351032734
23.824,0.16085,-3.351032734
23.827,0.150796,-3.351032734
23.83,0.140743,-3.351032734
23.833,0.13069,-3.351027767
23.836,0.118124,-4.188793401
23.838,0.108071,-5.026545376
23.841,0.098018,-3.351035217
23.844,0.087965,-3.35103025
23.847,0.077912,-3.35103025
23.85,0.067858,-3.351032734
23.853,0.057805,-3.351032734
23.856,0.047752,-3.351032734
23.859,0.037699,-3.351032734
23.862,0.027646,-3.351032113
23.865,0.017593,-3.351032113
23.868,0.00754,-3.351031803
23.871,-0.002513,-3.351032113
23.874,-0.012566,-3.351032113
23.877,-0.025133,-4.188790297
23.88,-0.035186,-3.351031492
23.883,-0.045239,-3.351032734
23.886,-0.055292,-3.351031492
23.889,-0.065345,-3.351033976
23.892,-0.075398,-3.35103025
23.895,-0.087965,-4.188790917
23.898,-0.098018,-3.35103025
23.901,-0.108071,-3.351035217
23.904,-0.118124,-3.35103025
23.907,-0.128177,-3.351035217
23.91,-0.13823,-3.351027767
23.913,-0.148283,-3.351037701
23.917,-0.158336,-2.513270825
23.92,-0.168389,-3.351032734
23.923,-0.178442,-3.351032734
23.926,-0.188496,-3.351032734
23.929,-0.198549,-3.351027767
23.932,-0.208602,-3.351032734
23.935,-0.218655,-3.351037701
23.938,-0.228708,-3.351032734
23.941,-0.238761,-3.351027767
23.944,-0.248814,-3.351032734
23.947,-0.256354,-2.513279518
23.95,-0.266407,-3.3510228
23.953,-0.27646,-3.351032734
23.956,-0.286513,-3.351042668
23.959,-0.294053,-2.513269583
23.962,-0.304106,-3.351032734
23.965,-0.314159,-3.351032734
23.968,-0.321699,-2.513269583
23.971,-0.331752,-3.351032734
23.974,-0.339292,-2.513279518
23.977,-0.349345,-3.3510228
23.98,-0.356885,-2.513279518
23.983,-0.366938,-3.351032734
23.986,-0.374478,-2.513269583
23.989,-0.382018,-2.513279518
23.992,-0.392071,-3.3510228
23.996,-0.399611,-1.884967089
23.999,-0.40715,-2.513269583
24.002,-0.41469,-2.513269583
24.005,-0.42223,-2.513269583
24.008,-0.42977,-2.513289452
24.011,-0.439823,-3.3510228
24.014,-0.447363,-2.513269583
24.017,-0.452389,-1.675516367
24.02,-0.459929,-2.513279518
24.023,-0.467469,-2.513269583
24.026,-0.475009,-2.513269583
24.029,-0.482549,-2.513289452
24.032,-0.490088,-2.513269583
24.035,-0.495115,-1.675516367
24.038,-0.502655,-2.513259649
24.041,-0.507681,-1.675526301
24.044,-0.515221,-2.513289452
24.047,-0.520248,-1.675506433
24.05,-0.527788,-2.513269583
24.053,-0.532814,-1.675506433
24.056,-0.540354,-2.513289452
24.059,-0.54538,-1.675506433
24.062,-0.550407,-1.675526301
24.065,-0.555434,-1.675506433
24.068,-0.56046,-1.675506433
24.071,-0.565487,-1.675546169
24.074,-0.570513,-1.675506433
24.078,-0.57554,-1.256629825
24.081,-0.580566,-1.675526301
24.084,-0.585593,-1.675506433
24.087,-0.590619,-1.675506433
24.09,-0.595646,-1.675526301
24.093,-0.598159,-0.837763151
24.096,-0.603186,-1.675506433
24.099,-0.608212,-1.675526301
24.102,-0.610726,-0.837743282
24.105,-0.613239,-0.837763151
24.108,-0.618265,-1.675506433
24.111,-0.620779,-0.837783019
24.114,-0.623292,-0.837763151
24.117,-0.628319,-1.675506433
24.12,-0.630832,-0.837763151
24.123,-0.633345,-0.837743282
24.126,-0.635858,-0.837763151
24.129,-0.638372,-0.837763151
24.132,-0.640885,-0.837743282
24.135,-0.643398,-0.837763151
24.138,-0.645911,-0.837763151
24.142,-0.648425,-0.628322363
24.147,-0.650938,-0.50265789
24.152,-0.653451,-0.502645969
24.159,-0.655965,-0.35904135
24.173,-0.658478,-0.179520675
24.183,-0.655965,0.251328945
24.196,-0.653451,0.193329958
24.203,-0.650938,0.359032835
24.209,-0.648425,0.418881575
24.214,-0.645911,0.50265789
24.218,-0.643398,0.628322363
24.222,-0.640885,0.628322363
24.225,-0.638372,0.837743282
24.228,-0.635858,0.837763151
24.232,-0.633345,0.628322363
24.234,-0.630832,1.256614924
24.237,-0.628319,0.837763151
24.24,-0.625805,0.837763151
24.242,-0.623292,1.256614924
24.245,-0.620779,0.837763151
24.247,-0.618265,1.256674528
24.25,-0.615752,0.837743282
24.252,-0.613239,1.256644726
24.254,-0.610726,1.256644726
24.256,-0.608212,1.256614924
24.258,-0.605699,1.256644726
24.26,-0.603186,1.256644726
24.262,-0.600673,1.256614924
24.264,-0.598159,1.256644726
24.266,-0.595646,1.256644726
24.268,-0.593133,1.256614924
24.271,-0.590619,0.837783019
24.274,-0.585593,1.675506433
24.277,-0.58308,0.837763151
24.28,-0.578053,1.675506433
24.283,-0.573027,1.675506433
24.285,-0.568,2.513289452
24.288,-0.562973,1.675526301
24.291,-0.557947,1.675506433
24.294,-0.55292,1.675526301
24.297,-0.547894,1.675506433
24.3,-0.542867,1.675506433
24.303,-0.537841,1.675526301
24.306,-0.532814,1.675526301
24.309,-0.527788,1.675506433
24.312,-0.522761,1.675506433
24.315,-0.515221,2.513269583
24.318,-0.510195,1.675526301
24.321,-0.505168,1.675526301
24.324,-0.497628,2.513269583
24.327,-0.492602,1.675516367
24.33,-0.485062,2.513269583
24.333,-0.480035,1.675526301
24.336,-0.472496,2.513269583
24.339,-0.464956,2.513269583
24.342,-0.459929,1.675516367
24.345,-0.452389,2.513279518
24.347,-0.44485,3.769904375
24.35,-0.439823,1.675516367
24.353,-0.432283,2.513269583
24.356,-0.424743,2.513289452
24.359,-0.417203,2.513269583
24.362,-0.409664,2.513269583
24.365,-0.402124,2.513269583
24.368,-0.394584,2.513279518
24.371,-0.387044,2.513269583
24.374,-0.379504,2.513269583
24.377,-0.371965,2.513279518
24.38,-0.364425,2.513279518
24.383,-0.356885,2.513269583
24.386,-0.349345,2.513279518
24.389,-0.341805,2.513269583
24.392,-0.334265,2.513279518
24.395,-0.326726,2.513269583
24.398,-0.316673,3.351032734
24.401,-0.309133,2.513279518
24.404,-0.301593,2.513269583
24.407,-0.294053,2.513269583
24.409,-0.284,5.026549101
24.412,-0.27646,2.513279518
24.415,-0.26892,2.513269583
24.418,-0.258867,3.351032734
24.421,-0.251327,2.513279518
24.424,-0.243788,2.513264616
24.427,-0.233734,3.351037701
24.43,-0.226195,2.51327455
24.433,-0.216142,3.351027767
24.436,-0.208602,2.513279518
24.439,-0.198549,3.351032734
24.442,-0.191009,2.513269583
24.445,-0.180956,3.351032734
24.448,-0.173416,2.51327455
24.451,-0.163363,3.351032734
24.454,-0.155823,2.513269583
24.457,-0.14577,3.351037701
24.46,-0.13823,2.51327455
24.463,-0.128177,3.351027767
24.466,-0.120637,2.51327455
24.468,-0.110584,5.026552826
24.471,-0.100531,3.35103025
24.474,-0.092991,2.51327455
24.477,-0.082938,3.351032734
24.48,-0.075398,2.51327455
24.483,-0.065345,3.35103025
24.486,-0.055292,3.351033976
24.489,-0.047752,2.513273309
24.492,-0.037699,3.351032734
24.495,-0.030159,2.513273309
24.498,-0.020106,3.351032734
24.501,-0.010053,3.351032113
24.504,-0.002513,2.513274085
24.507,0.005027,2.513274085
24.51,0.01508,3.351032424
24.513,0.022619,2.51327393
24.515,0.032673,5.026549101
24.518,0.040212,2.513273309
24.521,0.050265,3.351032734
24.524,0.057805,2.51327455
24.527,0.067858,3.351032734
24.53,0.075398,2.513272067
24.533,0.082938,2.51327455
24.535,0.092991,5.026549101
24.538,0.100531,2.51327455
24.541,0.108071,2.51327455
24.544,0.118124,3.35103025
24.547,0.125664,2.513272067
24.55,0.133204,2.51327455
24.553,0.143257,3.351037701
24.556,0.150796,2.513269583
24.558,0.158336,3.769911826
24.561,0.168389,3.351032734
24.564,0.175929,2.51327455
24.567,0.183469,2.51327455
24.57,0.191009,2.51327455
24.573,0.198549,2.513269583
24.576,0.206088,2.513279518
24.578,0.216142,5.026549101
24.581,0.223681,2.513269583
24.584,0.231221,2.513279518
24.587,0.238761,2.513269583
24.59,0.246301,2.51327455
24.593,0.253841,2.51327455
24.596,0.261381,2.513279518
24.599,0.26892,2.513269583
24.601,0.27646,3.769904375
24.604,0.281487,1.675516367
24.607,0.289027,2.513279518
24.61,0.296566,2.513279518
24.613,0.304106,2.513269583
24.616,0.311646,2.513279518
24.619,0.316673,1.675506433
24.621,0.324212,3.769919276
24.624,0.331752,2.513269583
24.627,0.336779,1.675516367
24.63,0.344319,2.513279518
24.633,0.351858,2.513269583
24.636,0.356885,1.675516367
24.639,0.364425,2.513269583
24.641,0.369451,2.513289452
24.644,0.376991,2.513269583
24.647,0.382018,1.675516367
24.65,0.387044,1.675516367
24.653,0.394584,2.513269583
24.656,0.399611,1.675526301
24.659,0.404637,1.675516367
24.662,0.409664,1.675506433
24.664,0.417203,3.769904375
24.667,0.42223,1.675516367
24.67,0.427257,1.675526301
24.673,0.432283,1.675516367
24.676,0.43731,1.675516367
24.679,0.442336,1.675506433
24.682,0.447363,1.675516367
24.684,0.452389,2.51327455
24.687,0.454903,0.837773085
24.69,0.459929,1.675506433
24.693,0.464956,1.675516367
24.696,0.469982,1.675516367
24.699,0.472496,0.837753216
24.702,0.477522,1.675516367
24.704,0.482549,2.513289452
24.707,0.485062,0.837753216
24.71,0.490088,1.675516367
24.713,0.492602,0.837753216
24.716,0.497628,1.675516367
24.719,0.500142,0.837763151
24.722,0.502655,0.837743282
24.725,0.507681,1.675526301
24.727,0.510195,1.256644726
24.73,0.512708,0.837763151
24.733,0.515221,0.837763151
24.736,0.517734,0.837743282
24.739,0.520248,0.837763151
24.742,0.522761,0.837763151
24.745,0.525274,0.837743282
24.747,0.527788,1.256644726
24.75,0.530301,0.837763151
24.753,0.532814,0.837743282
24.756,0.535327,0.837763151
24.76,0.537841,0.628322363
24.764,0.540354,0.628322363
24.769,0.542867,0.50265789
24.775,0.54538,0.418871641
24.782,0.547894,0.35904135
24.796,0.550407,0.179520675
24.807,0.547894,-0.228480859
24.821,0.54538,-0.179520675
24.828,0.542867,-0.359032835
24.834,0.540354,-0.418881575
24.839,0.537841,-0.50265789
24.844,0.535327,-0.50265789
24.848,0.532814,-0.628322363
24.852,0.530301,-0.628307462
24.855,0.527788,-0.837763151
24.858,0.525274,-0.837763151
24.862,0.522761,-0.628307462
24.864,0.520248,-1.256644726
24.867,0.517734,-0.837763151
24.87,0.515221,-0.837743282
24.873,0.512708,-0.837763151
24.875,0.510195,-1.256644726
24.878,0.507681,-0.837763151
24.88,0.505168,-1.256644726
24.882,0.502655,-1.256644726
24.885,0.500142,-0.837743282
24.887,0.497628,-1.256644726
24.889,0.495115,-1.256629825
24.891,0.492602,-1.256644726
24.893,0.490088,-1.256629825
24.895,0.487575,-1.256629825
24.897,0.485062,-1.256644726
24.899,0.482549,-1.256629825
24.901,0.480035,-1.256659627
24.904,0.477522,-0.837753216
24.907,0.472496,-1.675516367
24.91,0.469982,-0.837753216
24.913,0.464956,-1.675516367
24.915,0.459929,-2.51327455
24.918,0.457416,-0.837753216
24.921,0.452389,-1.675526301
24.924,0.447363,-1.675516367
24.927,0.442336,-1.675516367
24.93,0.43731,-1.675506433
24.933,0.432283,-1.675516367
24.936,0.427257,-1.675516367
24.939,0.42223,-1.675526301
24.942,0.417203,-1.675516367
24.945,0.412177,-1.675506433
24.948,0.40715,-1.675516367
24.951,0.402124,-1.675516367
24.954,0.394584,-2.513279518
24.957,0.389557,-1.675516367
24.96,0.384531,-1.675516367
24.963,0.376991,-2.513269583
24.966,0.371965,-1.675516367
24.969,0.366938,-1.675516367
24.972,0.359398,-2.513279518
24.974,0.354372,-2.513259649
24.977,0.346832,-2.513279518
24.98,0.341805,-1.675516367
24.983,0.334265,-2.513279518
24.986,0.329239,-1.675506433
24.989,0.321699,-2.513279518
24.992,0.314159,-2.513269583
24.995,0.309133,-1.675526301
24.998,0.301593,-2.513269583
25.001,0.294053,-2.513269583
25.004,0.289027,-1.675516367
25.007,0.281487,-2.513279518
25.01,0.273947,-2.513269583
25.013,0.266407,-2.513279518
25.016,0.258867,-2.513269583
25.019,0.253841,-1.675516367
25.022,0.246301,-2.51327455
25.025,0.238761,-2.51327455
25.028,0.231221,-2.513269583
25.031,0.223681,-2.513279518
25.034,0.216142,-2.513269583
25.036,0.208602,-3.769919276
25.039,0.201062,-2.513269583
25.042,0.193522,-2.51327455
25.045,0.185982,-2.51327455
25.048,0.178442,-2.51327455
25.051,0.170903,-2.51327455
25.054,0.163363,-2.51327455
25.057,0.155823,-2.513269583
25.06,0.148283,-2.51327455
25.063,0.140743,-2.513279518
25.066,0.13069,-3.351027767
25.069,0.12315,-2.513277034
25.072,0.115611,-2.513272067
25.075,0.108071,-2.51327455
25.078,0.100531,-2.51327455
25.081,0.092991,-2.51327455
25.084,0.085451,-2.51327455
25.087,0.075398,-3.351032734
25.09,0.067858,-2.513272067
25.093,0.060319,-2.51327455
25.095,0.052779,-3.769913688
25.098,0.045239,-2.513273309
25.101,0.035186,-3.351032734
25.104,0.027646,-2.51327393
25.107,0.020106,-2.51327393
25.11,0.012566,-2.51327393
25.113,0.005027,-2.51327424
25.116,-0.002513,-2.513274085
25.119,-0.012566,-3.351032113
25.122,-0.020106,-2.51327393
25.125,-0.027646,-2.51327393
25.128,-0.035186,-2.51327393
25.131,-0.045239,-3.351032734
25.134,-0.052779,-2.513273309
25.137,-0.060319,-2.513275792
25.14,-0.067858,-2.51327455
25.144,-0.077912,-2.51327455
25.147,-0.085451,-2.513272067
25.15,-0.092991,-2.51327455
25.153,-0.100531,-2.51327455
25.156,-0.108071,-2.51327455
25.159,-0.118124,-3.35103025
25.162,-0.125664,-2.513272067
25.165,-0.133204,-2.51327455
25.168,-0.140743,-2.51327455
25.171,-0.148283,-2.513279518
25.174,-0.155823,-2.51327455
25.177,-0.163363,-2.513269583
25.18,-0.170903,-2.51327455
25.183,-0.178442,-2.51327455
25.186,-0.185982,-2.51327455
25.189,-0.193522,-2.51327455
25.192,-0.201062,-2.51327455
25.195,-0.208602,-2.513269583
25.198,-0.216142,-2.513279518
25.201,-0.223681,-2.513269583
25.204,-0.231221,-2.513279518
25.207,-0.238761,-2.513269583
25.21,-0.246301,-2.51327455
25.213,-0.253841,-2.51327455
25.216,-0.258867,-1.675516367
25.219,-0.266407,-2.513269583
25.222,-0.273947,-2.513279518
25.226,-0.278973,-1.256637275
25.229,-0.286513,-2.513279518
25.232,-0.294053,-2.513269583
25.235,-0.29908,-1.675516367
25.238,-0.306619,-2.513269583
25.241,-0.311646,-1.675526301
25.244,-0.319186,-2.513269583
25.247,-0.324212,-1.675516367
25.25,-0.331752,-2.513269583
25.253,-0.336779,-1.675516367
25.256,-0.344319,-2.513279518
25.259,-0.349345,-1.675506433
25.262,-0.354372,-1.675526301
25.265,-0.361911,-2.513269583
25.268,-0.366938,-1.675516367
25.271,-0.371965,-1.675516367
25.274,-0.376991,-1.675516367
25.277,-0.382018,-1.675516367
25.28,-0.387044,-1.675516367
25.283,-0.392071,-1.675506433
25.286,-0.397097,-1.675516367
25.289,-0.402124,-1.675526301
25.292,-0.40715,-1.675516367
25.295,-0.412177,-1.675516367
25.298,-0.417203,-1.675506433
25.301,-0.42223,-1.675516367
25.305,-0.427257,-1.256644726
25.308,-0.42977,-0.837763151
25.311,-0.434796,-1.675506433
25.314,-0.439823,-1.675516367
25.317,-0.442336,-0.837753216
25.32,-0.447363,-1.675516367
25.323,-0.449876,-0.837753216
25.326,-0.454903,-1.675536235
25.329,-0.457416,-0.837753216
25.332,-0.459929,-0.837753216
25.335,-0.464956,-1.675516367
25.338,-0.467469,-0.837753216
25.341,-0.469982,-0.837763151
25.344,-0.472496,-0.837753216
25.347,-0.477522,-1.675516367
25.35,-0.480035,-0.837753216
25.353,-0.482549,-0.837773085
25.356,-0.485062,-0.837753216
25.359,-0.487575,-0.837763151
25.362,-0.490088,-0.837753216
25.366,-0.492602,-0.628314912
25.37,-0.495115,-0.628322363
25.374,-0.497628,-0.628314912
25.378,-0.500142,-0.628322363
25.384,-0.502655,-0.418871641
25.39,-0.505168,-0.418881575
25.398,-0.507681,-0.314161181
25.413,-0.510195,-0.16755263
25.423,-0.507681,0.251328945
25.438,-0.505168,0.16755263
25.447,-0.502655,0.279254384
25.453,-0.500142,0.418871641
25.458,-0.497628,0.50265789
25.463,-0.495115,0.50265193
25.467,-0.492602,0.628322363
25.471,-0.490088,0.628314912
25.475,-0.487575,0.628314912
25.478,-0.485062,0.837763151
25.482,-0.482549,0.628314912
25.485,-0.480035,0.837773085
25.488,-0.477522,0.837753216
25.491,-0.475009,0.837763151
25.494,-0.472496,0.837753216
25.496,-0.469982,1.256629825
25.499,-0.467469,0.837763151
25.501,-0.464956,1.256629825
25.504,-0.462442,0.837753216
25.506,-0.459929,1.256644726
25.509,-0.457416,0.837753216
25.511,-0.454903,1.256629825
25.513,-0.452389,1.256659627
25.515,-0.449876,1.256644726
25.518,-0.447363,0.837753216
25.52,-0.44485,1.256629825
25.522,-0.442336,1.256644726
25.524,-0.439823,1.256629825
25.526,-0.43731,1.256629825
25.528,-0.434796,1.256644726
25.53,-0.432283,1.256629825
25.533,-0.42977,0.837753216
25.536,-0.424743,1.675536235
25.539,-0.42223,0.837753216
25.542,-0.417203,1.675516367
25.545,-0.412177,1.675506433
25.548,-0.409664,0.837763151
25.551,-0.404637,1.675506433
25.554,-0.399611,1.675516367
25.557,-0.394584,1.675526301
25.56,-0.389557,1.675516367
25.562,-0.384531,2.51327455
25.565,-0.379504,1.675506433
25.568,-0.376991,0.837763151
25.571,-0.371965,1.675516367
25.574,-0.366938,1.675516367
25.577,-0.361911,1.675516367
25.58,-0.354372,2.513269583
25.583,-0.349345,1.675526301
25.586,-0.344319,1.675506433
25.589,-0.339292,1.675516367
25.592,-0.334265,1.675526301
25.595,-0.329239,1.675506433
25.598,-0.324212,1.675516367
25.601,-0.316673,2.513279518
25.604,-0.311646,1.675506433
25.607,-0.306619,1.675526301
25.61,-0.29908,2.513269583
25.613,-0.294053,1.675516367
25.616,-0.289027,1.675516367
25.619,-0.281487,2.513279518
25.622,-0.27646,1.675516367
25.624,-0.26892,3.769904375
25.627,-0.263894,1.675516367
25.63,-0.258867,1.675516367
25.633,-0.251327,2.513279518
25.636,-0.246301,1.6755114
25.639,-0.238761,2.51327455
25.642,-0.233734,1.675516367
25.645,-0.226195,2.51327455
25.648,-0.218655,2.513269583
25.651,-0.213628,1.675516367
25.654,-0.206088,2.51327455
25.657,-0.201062,1.675516367
25.66,-0.193522,2.51327455
25.663,-0.185982,2.51327455
25.666,-0.180956,1.675516367
25.669,-0.173416,2.51327455
25.672,-0.165876,2.51327455
25.675,-0.16085,1.675516367
25.678,-0.15331,2.51327455
25.681,-0.14577,2.51327455
25.683,-0.140743,2.51327455
25.686,-0.133204,2.51327455
25.689,-0.125664,2.51327455
25.692,-0.118124,2.513272067
25.695,-0.113097,1.675516367
25.698,-0.105558,2.51327455
25.701,-0.098018,2.51327455
25.704,-0.090478,2.513272067
25.707,-0.085451,1.675516367
25.71,-0.077912,2.513272067
25.713,-0.070372,2.513277034
25.716,-0.062832,2.51327455
25.719,-0.057805,1.675513883
25.722,-0.050265,2.51327455
25.725,-0.042726,2.51327455
25.728,-0.035186,2.51327455
25.731,-0.027646,2.51327393
25.734,-0.022619,1.675515746
25.737,-0.01508,2.51327393
25.74,-0.00754,2.51327424
25.743,0,2.51327424
25.745,0.005027,2.513274085
25.748,0.012566,2.51327424
25.751,0.017593,1.675515746
25.754,0.025133,2.51327455
25.757,0.032673,2.51327455
25.76,0.037699,1.675515125
25.763,0.045239,2.51327455
25.765,0.050265,2.51327455
25.768,0.057805,2.51327455
25.771,0.065345,2.51327455
25.774,0.070372,1.675513883
25.777,0.077912,2.513277034
25.78,0.082938,1.675513883
25.783,0.090478,2.51327455
25.785,0.098018,3.7699081
25.788,0.103044,1.675518851
25.791,0.110584,2.513272067
25.794,0.115611,1.675518851
25.797,0.12315,2.513272067
25.8,0.128177,1.675518851
25.803,0.135717,2.51327455
25.806,0.140743,1.6755114
25.808,0.14577,2.51327455
25.811,0.15331,2.51327455
25.814,0.158336,1.675516367
25.817,0.165876,2.51327455
25.82,0.170903,1.675516367
25.823,0.175929,1.675516367
25.826,0.183469,2.51327455
25.828,0.188496,2.51327455
25.831,0.193522,1.675516367
25.834,0.198549,1.6755114
25.837,0.206088,2.513279518
25.84,0.211115,1.6755114
25.843,0.216142,1.675521334
25.846,0.221168,1.6755114
25.849,0.226195,1.675516367
25.851,0.231221,2.513282001
25.854,0.238761,2.513269583
25.857,0.243788,1.675521334
25.86,0.248814,1.6755114
25.863,0.253841,1.675516367
25.866,0.258867,1.675516367
25.869,0.263894,1.675516367
25.871,0.26892,2.51327455
25.874,0.273947,1.675516367
25.877,0.27646,0.837753216
25.88,0.281487,1.675516367
25.883,0.286513,1.675526301
25.886,0.29154,1.675506433
25.889,0.296566,1.675526301
25.891,0.29908,1.256629825
25.894,0.304106,1.675516367
25.897,0.309133,1.675506433
25.9,0.314159,1.675526301
25.903,0.316673,0.837753216
25.906,0.321699,1.675516367
25.909,0.324212,0.837763151
25.912,0.329239,1.675516367
25.914,0.331752,1.256629825
25.917,0.336779,1.675516367
25.92,0.339292,0.837763151
25.923,0.344319,1.675516367
25.926,0.346832,0.837753216
25.929,0.349345,0.837753216
25.932,0.354372,1.675526301
25.934,0.356885,1.256629825
25.937,0.359398,0.837753216
25.94,0.361911,0.837763151
25.943,0.366938,1.675516367
25.946,0.369451,0.837763151
25.949,0.371965,0.837753216
25.952,0.374478,0.837753216
25.954,0.376991,1.256644726
25.957,0.379504,0.837763151
25.96,0.382018,0.837753216
25.963,0.384531,0.837753216
25.966,0.387044,0.837763151
25.969,0.389557,0.837753216
25.973,0.392071,0.628314912
25.976,0.394584,0.837763151
25.98,0.397097,0.628314912
25.985,0.399611,0.502663851
25.99,0.402124,0.50265193
25.995,0.404637,0.50265789
26.001,0.40715,0.418876608
26.009,0.409664,0.314157456
26.022,0.412177,0.193329958
26.043,0.409664,-0.11968045
26.056,0.40715,-0.193327665
26.064,0.404637,-0.314157456
26.071,0.402124,-0.35904135
26.077,0.399611,-0.418876608
26.082,0.397097,-0.502663851
26.086,0.394584,-0.628314912
26.09,0.392071,-0.628322363
26.094,0.389557,-0.628314912
26.098,0.387044,-0.628314912
26.101,0.384531,-0.837763151
26.105,0.382018,-0.628314912
26.108,0.379504,-0.837753216
26.111,0.376991,-0.837763151
26.114,0.374478,-0.837763151
26.117,0.371965,-0.837753216
26.12,0.369451,-0.837753216
26.123,0.366938,-0.837763151
26.125,0.364425,-1.256644726
26.128,0.361911,-0.837753216
26.13,0.359398,-1.256644726
26.133,0.356885,-0.837753216
26.135,0.354372,-1.256629825
26.138,0.351858,-0.837763151
26.14,0.349345,-1.256644726
26.142,0.346832,-1.256629825
26.144,0.344319,-1.256629825
26.147,0.341805,-0.837763151
26.149,0.339292,-1.256629825
26.151,0.336779,-1.256644726
26.153,0.334265,-1.256644726
26.155,0.331752,-1.256629825
26.157,0.329239,-1.256629825
26.159,0.326726,-1.256644726
26.162,0.324212,-0.837753216
26.165,0.319186,-1.675516367
26.168,0.316673,-0.837763151
26.171,0.311646,-1.675506433
26.174,0.309133,-0.837773085
26.177,0.304106,-1.675506433
26.18,0.29908,-1.675516367
26.183,0.296566,-0.837753216
26.186,0.29154,-1.675526301
26.189,0.286513,-1.675506433
26.192,0.281487,-1.675526301
26.195,0.278973,-0.837753216
26.198,0.273947,-1.675516367
26.201,0.26892,-1.675516367
26.203,0.263894,-2.51327455
26.206,0.258867,-1.675516367
26.209,0.253841,-1.675516367
26.212,0.248814,-1.675516367
26.215,0.243788,-1.6755114
26.218,0.241274,-0.837758184
26.221,0.236248,-1.675521334
26.224,0.228708,-2.513269583
26.227,0.223681,-1.675521334
26.23,0.218655,-1.6755114
26.233,0.213628,-1.675516367
26.236,0.208602,-1.675521334
26.239,0.203575,-1.6755114
26.242,0.198549,-1.675521334
26.245,0.193522,-1.6755114
26.248,0.188496,-1.675516367
26.251,0.183469,-1.675516367
26.254,0.175929,-2.51327455
26.257,0.170903,-1.675516367
26.26,0.165876,-1.675516367
26.263,0.16085,-1.675516367
26.265,0.15331,-3.769911826
26.268,0.148283,-1.6755114
26.271,0.143257,-1.675516367
26.274,0.13823,-1.675521334
26.277,0.13069,-2.513269583
26.28,0.125664,-1.675521334
26.283,0.120637,-1.6755114
26.286,0.113097,-2.513277034
26.289,0.108071,-1.675513883
26.292,0.103044,-1.675516367
26.295,0.095504,-2.51327455
26.298,0.090478,-1.675516367
26.301,0.085451,-1.675516367
26.304,0.077912,-2.513272067
26.307,0.072885,-1.675518851
26.31,0.065345,-2.513272067
26.313,0.060319,-1.675516367
26.316,0.055292,-1.675517609
26.319,0.047752,-2.513273309
26.322,0.042726,-1.675516367
26.324,0.035186,-3.769911826
26.327,0.030159,-1.675515125
26.33,0.025133,-1.675516367
26.333,0.017593,-2.51327455
26.336,0.012566,-1.675515746
26.339,0.005027,-2.51327424
26.342,0,-1.675516057
26.345,-0.005027,-1.675516057
26.348,-0.012566,-2.51327424
26.351,-0.017593,-1.675515746
26.354,-0.025133,-2.51327455
26.357,-0.030159,-1.675516367
26.36,-0.037699,-2.513273309
26.363,-0.042726,-1.675516367
26.366,-0.047752,-1.675516367
26.369,-0.055292,-2.513273309
26.372,-0.060319,-1.675517609
26.376,-0.067858,-1.884955913
26.379,-0.072885,-1.675513883
26.382,-0.080425,-2.51327455
26.385,-0.085451,-1.675516367
26.388,-0.090478,-1.675516367
26.391,-0.098018,-2.513272067
26.394,-0.103044,-1.675518851
26.397,-0.108071,-1.675516367
26.4,-0.115611,-2.51327455
26.403,-0.120637,-1.675516367
26.406,-0.125664,-1.6755114
26.409,-0.133204,-2.51327455
26.412,-0.13823,-1.675516367
26.415,-0.143257,-1.675521334
26.418,-0.150796,-2.513269583
26.421,-0.155823,-1.675521334
26.424,-0.16085,-1.6755114
26.427,-0.165876,-1.675516367
26.43,-0.170903,-1.675516367
26.433,-0.178442,-2.51327455
26.436,-0.183469,-1.675516367
26.439,-0.188496,-1.675516367
26.442,-0.193522,-1.675516367
26.445,-0.198549,-1.6755114
26.448,-0.203575,-1.675521334
26.451,-0.208602,-1.6755114
26.455,-0.213628,-1.256641001
26.458,-0.218655,-1.675516367
26.461,-0.223681,-1.6755114
26.464,-0.228708,-1.675521334
26.467,-0.233734,-1.6755114
26.47,-0.238761,-1.675516367
26.473,-0.243788,-1.675521334
26.476,-0.248814,-1.6755114
26.479,-0.251327,-0.837753216
26.482,-0.256354,-1.675526301
26.485,-0.261381,-1.675516367
26.488,-0.266407,-1.675506433
26.491,-0.26892,-0.837763151
26.494,-0.273947,-1.675516367
26.497,-0.278973,-1.675516367
26.5,-0.281487,-0.837753216
26.503,-0.286513,-1.675526301
26.506,-0.29154,-1.675506433
26.509,-0.294053,-0.837763151
26.512,-0.29908,-1.675516367
26.515,-0.301593,-0.837753216
26.518,-0.306619,-1.675516367
26.521,-0.309133,-0.837753216
26.524,-0.311646,-0.837773085
26.527,-0.316673,-1.675506433
26.53,-0.319186,-0.837763151
26.534,-0.321699,-0.628314912
26.537,-0.326726,-1.675516367
26.54,-0.329239,-0.837763151
26.543,-0.331752,-0.837753216
26.546,-0.334265,-0.837753216
26.549,-0.336779,-0.837763151
26.552,-0.339292,-0.837763151
26.555,-0.344319,-1.675516367
26.558,-0.346832,-0.837753216
26.561,-0.349345,-0.837753216
26.564,-0.351858,-0.837763151
26.567,-0.354372,-0.837763151
26.571,-0.356885,-0.628314912
26.574,-0.359398,-0.837753216
26.578,-0.361911,-0.628322363
26.582,-0.364425,-0.628314912
26.587,-0.366938,-0.50265789
26.592,-0.369451,-0.50265789
26.597,-0.371965,-0.50265193
26.603,-0.374478,-0.418876608
26.61,-0.376991,-0.35904135
26.619,-0.379504,-0.279254384
26.64,-0.382018,-0.119679031
26.645,-0.379504,0.50265193
26.665,-0.376991,0.125664473
26.674,-0.374478,0.279254384
26.681,-0.371965,0.359037093
26.688,-0.369451,0.359037093
26.693,-0.366938,0.50265789
26.698,-0.364425,0.50265789
26.703,-0.361911,0.50265193
26.707,-0.359398,0.628322363
26.711,-0.356885,0.628314912
26.715,-0.354372,0.628314912
26.719,-0.351858,0.628322363
26.722,-0.349345,0.837763151
26.726,-0.346832,0.628314912
26.729,-0.344319,0.837753216
26.732,-0.341805,0.837763151
26.735,-0.339292,0.837753216
26.738,-0.336779,0.837763151
26.741,-0.334265,0.837763151
26.744,-0.331752,0.837753216
26.746,-0.329239,1.256629825
26.749,-0.326726,0.837763151
26.752,-0.324212,0.837753216
26.754,-0.321699,1.256644726
26.757,-0.319186,0.837753216
26.759,-0.316673,1.256644726
26.762,-0.314159,0.837753216
26.764,-0.311646,1.256629825
26.767,-0.309133,0.837773085
26.769,-0.306619,1.256629825
26.771,-0.304106,1.256629825
26.773,-0.301593,1.256644726
26.776,-0.29908,0.837753216
26.778,-0.296566,1.256629825
26.78,-0.294053,1.256644726
26.782,-0.29154,1.256644726
26.784,-0.289027,1.256629825
26.786,-0.286513,1.256629825
26.789,-0.284,0.837763151
26.792,-0.281487,0.837763151
26.795,-0.27646,1.675516367
26.798,-0.273947,0.837753216
26.801,-0.26892,1.675516367
26.804,-0.266407,0.837763151
26.807,-0.261381,1.675506433
26.81,-0.256354,1.675516367
26.813,-0.253841,0.837763151
26.816,-0.248814,1.675516367
26.818,-0.246301,1.256637275
26.821,-0.241274,1.6755114
26.824,-0.236248,1.675521334
26.827,-0.233734,0.837758184
26.83,-0.228708,1.6755114
26.833,-0.223681,1.675521334
26.836,-0.218655,1.6755114
26.839,-0.216142,0.837758184
26.842,-0.211115,1.675521334
26.845,-0.206088,1.6755114
26.848,-0.201062,1.675516367
26.851,-0.196035,1.675521334
26.854,-0.193522,0.837753216
26.857,-0.188496,1.675516367
26.86,-0.183469,1.675516367
26.863,-0.178442,1.675516367
26.866,-0.173416,1.675516367
26.869,-0.168389,1.675516367
26.872,-0.163363,1.675516367
26.875,-0.158336,1.675516367
26.877,-0.15331,2.51327455
26.88,-0.148283,1.6755114
26.883,-0.14577,0.837763151
26.886,-0.140743,1.675516367
26.889,-0.135717,1.6755114
26.892,-0.13069,1.675516367
26.895,-0.125664,1.675521334
26.898,-0.120637,1.6755114
26.901,-0.115611,1.675516367
26.904,-0.110584,1.675518851
26.907,-0.105558,1.675516367
26.91,-0.100531,1.675513883
26.913,-0.095504,1.675516367
26.916,-0.090478,1.675516367
26.919,-0.085451,1.675516367
26.922,-0.080425,1.675516367
26.925,-0.072885,2.51327455
26.928,-0.067858,1.675513883
26.931,-0.062832,1.675518851
26.934,-0.057805,1.675513883
26.937,-0.052779,1.675517609
26.939,-0.047752,2.513272688
26.942,-0.042726,1.675516367
26.945,-0.037699,1.675516367
26.948,-0.032673,1.675515125
26.951,-0.027646,1.675516988
26.954,-0.022619,1.675515746
26.957,-0.017593,1.675516367
26.96,-0.012566,1.675515746
26.963,-0.00754,1.675516057
26.966,-0.002513,1.675516212
26.969,0.002513,1.675516057
26.972,0.00754,1.675516212
26.975,0.012566,1.675516057
26.978,0.017593,1.675515746
26.98,0.022619,2.51327455
26.983,0.027646,1.675515746
26.986,0.030159,0.837758804
26.989,0.035186,1.675515125
26.992,0.040212,1.675516367
26.995,0.045239,1.675516367
26.998,0.050265,1.675516367
27,0.055292,2.513272688
27.003,0.060319,1.675517609
27.006,0.065345,1.675516367
27.009,0.070372,1.675513883
27.012,0.072885,0.837758184
27.015,0.077912,1.675518851
27.018,0.082938,1.675513883
27.021,0.087965,1.675516367
27.023,0.092991,2.51327455
27.026,0.098018,1.675513883
27.029,0.100531,0.837760667
27.032,0.105558,1.675513883
27.035,0.110584,1.675516367
27.038,0.115611,1.675518851
27.041,0.118124,0.8377557
27.043,0.12315,2.51327455
27.046,0.128177,1.675518851
27.049,0.13069,0.837758184
27.052,0.135717,1.675516367
27.055,0.140743,1.6755114
27.058,0.143257,0.837763151
27.061,0.148283,1.675516367
27.064,0.15331,1.6755114
27.066,0.155823,1.256644726
27.069,0.16085,1.6755114
27.072,0.163363,0.837758184
27.075,0.168389,1.675516367
27.078,0.170903,0.837758184
27.081,0.175929,1.675516367
27.084,0.178442,0.837758184
27.086,0.183469,2.51327455
27.089,0.185982,0.837758184
27.092,0.191009,1.675516367
27.095,0.193522,0.837758184
27.098,0.196035,0.837753216
27.101,0.201062,1.675521334
27.104,0.203575,0.837758184
27.106,0.206088,1.256637275
27.109,0.211115,1.6755114
27.112,0.213628,0.837763151
27.115,0.216142,0.837758184
27.118,0.218655,0.837758184
27.121,0.223681,1.6755114
27.124,0.226195,0.837758184
27.127,0.228708,0.837763151
27.129,0.231221,1.256637275
27.132,0.233734,0.837753216
27.135,0.236248,0.837758184
27.138,0.238761,0.837758184
27.141,0.241274,0.837763151
27.144,0.243788,0.837758184
27.147,0.246301,0.837753216
27.149,0.248814,1.256637275
27.152,0.251327,0.837753216
27.155,0.253841,0.837763151
27.158,0.256354,0.837763151
27.161,0.258867,0.837753216
27.164,0.261381,0.837763151
27.167,0.263894,0.837753216
27.171,0.266407,0.628314912
27.174,0.26892,0.837763151
27.178,0.271434,0.628322363
27.183,0.273947,0.50265193
27.188,0.27646,0.50265193
27.193,0.278973,0.50265789
27.198,0.281487,0.50265193
27.204,0.284,0.418881575
27.211,0.286513,0.35904135
27.22,0.289027,0.279251072
27.234,0.29154,0.179518546
27.262,0.289027,-0.089759273
27.276,0.286513,-0.179518546
27.286,0.284,-0.251328945
27.293,0.281487,-0.35904135
27.3,0.278973,-0.359037093
27.306,0.27646,-0.418881575
27.311,0.273947,-0.50265193
27.316,0.271434,-0.50265193
27.32,0.26892,-0.628322363
27.325,0.266407,-0.50265789
27.329,0.263894,-0.628314912
27.333,0.261381,-0.628314912
27.337,0.258867,-0.628322363
27.34,0.256354,-0.837753216
27.344,0.253841,-0.628322363
27.347,0.251327,-0.837763151
27.351,0.248814,-0.628314912
27.354,0.246301,-0.837758184
27.357,0.243788,-0.837753216
27.36,0.241274,-0.837758184
27.363,0.238761,-0.837763151
27.366,0.236248,-0.837758184
27.369,0.233734,-0.837758184
27.372,0.231221,-0.837753216
27.375,0.228708,-0.837758184
27.377,0.226195,-1.256644726
27.38,0.223681,-0.837758184
27.383,0.221168,-1.256637275
27.385,0.218655,-1.256629825
27.388,0.216142,-0.837758184
27.39,0.213628,-1.256637275
27.393,0.211115,-0.837763151
27.395,0.208602,-1.256637275
27.397,0.206088,-1.256629825
27.4,0.203575,-0.837758184
27.402,0.201062,-1.256637275
27.405,0.198549,-0.837763151
27.407,0.196035,-1.256637275
27.409,0.193522,-1.256629825
27.411,0.191009,-1.256637275
27.414,0.188496,-0.837758184
27.416,0.185982,-1.256637275
27.418,0.183469,-1.256637275
27.42,0.180956,-1.256637275
27.423,0.178442,-0.837758184
27.426,0.175929,-0.837758184
27.429,0.170903,-1.675516367
27.432,0.168389,-0.837758184
27.435,0.165876,-0.837758184
27.438,0.16085,-1.675516367
27.441,0.158336,-0.837758184
27.444,0.15331,-1.675516367
27.447,0.150796,-0.837758184
27.45,0.14577,-1.675516367
27.453,0.143257,-0.837753216
27.455,0.13823,-2.513282001
27.458,0.135717,-0.837753216
27.461,0.13069,-1.675516367
27.464,0.125664,-1.675521334
27.467,0.12315,-0.8377557
27.47,0.118124,-1.675516367
27.473,0.115611,-0.8377557
27.476,0.110584,-1.675518851
27.479,0.105558,-1.675516367
27.482,0.103044,-0.8377557
27.485,0.098018,-1.675518851
27.488,0.095504,-0.8377557
27.491,0.090478,-1.675516367
27.494,0.085451,-1.675516367
27.497,0.082938,-0.837758184
27.5,0.077912,-1.675513883
27.503,0.072885,-1.675518851
27.506,0.070372,-0.837758184
27.509,0.065345,-1.675513883
27.512,0.060319,-1.675516367
27.515,0.057805,-0.837758184
27.517,0.052779,-2.513276413
27.52,0.047752,-1.675515125
27.523,0.042726,-1.675516367
27.526,0.040212,-0.837758184
27.529,0.035186,-1.675516367
27.532,0.030159,-1.675515125
27.535,0.027646,-0.837758804
27.538,0.022619,-1.675515746
27.541,0.017593,-1.675516367
27.544,0.012566,-1.675515746
27.547,0.010053,-0.837758184
27.55,0.005027,-1.675516057
27.553,0,-1.675516057
27.556,-0.002513,-0.837758028
27.559,-0.00754,-1.675516212
27.562,-0.012566,-1.675516057
27.565,-0.017593,-1.675515746
27.568,-0.020106,-0.837758184
27.571,-0.025133,-1.675516367
27.574,-0.030159,-1.675516367
27.577,-0.035186,-1.675515125
27.58,-0.037699,-0.837758184
27.583,-0.042726,-1.675516367
27.586,-0.047752,-1.675516367
27.589,-0.052779,-1.675515125
27.592,-0.055292,-0.837758184
27.595,-0.060319,-1.675517609
27.598,-0.065345,-1.675516367
27.601,-0.067858,-0.837758184
27.604,-0.072885,-1.675513883
27.607,-0.077912,-1.675518851
27.611,-0.080425,-0.628316775
27.614,-0.085451,-1.675516367
27.617,-0.090478,-1.675516367
27.62,-0.092991,-0.837758184
27.623,-0.098018,-1.675513883
27.626,-0.103044,-1.675518851
27.629,-0.105558,-0.8377557
27.632,-0.110584,-1.675516367
27.635,-0.113097,-0.837758184
27.638,-0.118124,-1.675516367
27.641,-0.12315,-1.675516367
27.644,-0.125664,-0.8377557
27.647,-0.13069,-1.675521334
27.65,-0.133204,-0.837753216
27.653,-0.13823,-1.675516367
27.656,-0.140743,-0.837758184
27.659,-0.14577,-1.675516367
27.662,-0.148283,-0.837763151
27.665,-0.15331,-1.6755114
27.668,-0.155823,-0.837763151
27.671,-0.158336,-0.837753216
27.674,-0.163363,-1.675516367
27.677,-0.165876,-0.837758184
27.68,-0.170903,-1.675516367
27.683,-0.173416,-0.837758184
27.686,-0.175929,-0.837758184
27.69,-0.180956,-1.256637275
27.693,-0.183469,-0.837758184
27.696,-0.185982,-0.837758184
27.699,-0.188496,-0.837758184
27.702,-0.193522,-1.675516367
27.705,-0.196035,-0.837753216
27.708,-0.198549,-0.837758184
27.711,-0.201062,-0.837763151
27.714,-0.203575,-0.837758184
27.717,-0.206088,-0.837758184
27.72,-0.211115,-1.6755114
27.723,-0.213628,-0.837763151
27.726,-0.216142,-0.837758184
27.729,-0.218655,-0.837758184
27.732,-0.221168,-0.837753216
27.735,-0.223681,-0.837758184
27.738,-0.226195,-0.837758184
27.741,-0.228708,-0.837763151
27.744,-0.231221,-0.837758184
27.748,-0.233734,-0.628314912
27.751,-0.236248,-0.837758184
27.755,-0.238761,-0.628318638
27.758,-0.241274,-0.837763151
27.762,-0.243788,-0.628318638
27.766,-0.246301,-0.628314912
27.771,-0.248814,-0.50265491
27.775,-0.251327,-0.628314912
27.78,-0.253841,-0.50265789
27.785,-0.256354,-0.50265789
27.79,-0.258867,-0.50265193
27.797,-0.261381,-0.35904135
27.803,-0.263894,-0.418876608
27.812,-0.266407,-0.279251072
27.822,-0.26892,-0.251328945
27.841,-0.271434,-0.132278392
27.859,-0.26892,0.139627192
27.878,-0.266407,0.132278392
27.889,-0.263894,0.22847815
27.897,-0.261381,0.314157456
27.905,-0.258867,0.314161181
27.911,-0.256354,0.418876608
27.917,-0.253841,0.418881575
27.922,-0.251327,0.50265789
27.928,-0.248814,0.418876608
27.932,-0.246301,0.628318638
27.937,-0.243788,0.50265193
27.942,-0.241274,0.50265491
27.946,-0.238761,0.628322363
27.95,-0.236248,0.628318638
27.954,-0.233734,0.628318638
27.958,-0.231221,0.628314912
27.961,-0.228708,0.837758184
27.965,-0.226195,0.628322363
27.968,-0.223681,0.837758184
27.972,-0.221168,0.628318638
27.975,-0.218655,0.837753216
27.978,-0.216142,0.837758184
27.982,-0.213628,0.628318638
27.985,-0.211115,0.837763151
27.988,-0.208602,0.837758184
27.991,-0.206088,0.837753216
27.994,-0.203575,0.837758184
27.997,-0.201062,0.837758184
28,-0.198549,0.837763151
28.003,-0.196035,0.837758184
28.005,-0.193522,1.256629825
28.008,-0.191009,0.837758184
28.011,-0.188496,0.837758184
28.013,-0.185982,1.256637275
28.016,-0.183469,0.837758184
28.019,-0.180956,0.837758184
28.021,-0.178442,1.256637275
28.024,-0.175929,0.837758184
28.026,-0.173416,1.256637275
28.029,-0.170903,0.837758184
28.032,-0.168389,0.837758184
28.034,-0.165876,1.256637275
28.037,-0.163363,0.837758184
28.039,-0.16085,1.256637275
28.041,-0.158336,1.256637275
28.044,-0.155823,0.837753216
28.046,-0.15331,1.256644726
28.049,-0.150796,0.837758184
28.051,-0.148283,1.256629825
28.053,-0.14577,1.256644726
28.056,-0.143257,0.837753216
28.058,-0.140743,1.256644726
28.06,-0.13823,1.256637275
28.063,-0.135717,0.837753216
28.065,-0.133204,1.256644726
28.068,-0.13069,0.837753216
28.071,-0.128177,0.837758184
28.074,-0.12315,1.675518851
28.077,-0.120637,0.8377557
28.08,-0.118124,0.837760667
28.083,-0.113097,1.675516367
28.086,-0.110584,0.837758184
28.089,-0.108071,0.8377557
28.092,-0.103044,1.675516367
28.095,-0.100531,0.837758184
28.098,-0.095504,1.675516367
28.101,-0.092991,0.837758184
28.104,-0.090478,0.837758184
28.107,-0.085451,1.675516367
28.11,-0.082938,0.837758184
28.113,-0.080425,0.837758184
28.116,-0.075398,1.675516367
28.119,-0.072885,0.837758184
28.122,-0.067858,1.675513883
28.124,-0.065345,1.256637275
28.127,-0.062832,0.837760667
28.13,-0.057805,1.675513883
28.133,-0.055292,0.837759425
28.136,-0.050265,1.675515125
28.139,-0.047752,0.837758184
28.142,-0.042726,1.675516367
28.145,-0.040212,0.837758184
28.148,-0.037699,0.837758184
28.151,-0.032673,1.675515125
28.154,-0.030159,0.837758184
28.157,-0.025133,1.675516367
28.16,-0.022619,0.837758184
28.163,-0.020106,0.837758184
28.166,-0.01508,1.675515746
28.169,-0.012566,0.837758184
28.172,-0.00754,1.675516057
28.175,-0.005027,0.837758184
28.178,-0.002513,0.837758028
28.181,0,0.837758028
28.183,0.005027,2.513274085
28.186,0.00754,0.837758184
28.189,0.010053,0.837757873
28.192,0.01508,1.675516367
28.195,0.017593,0.837757563
28.198,0.020106,0.837758184
28.201,0.025133,1.675516367
28.203,0.027646,1.256636344
28.206,0.030159,0.837758804
28.209,0.035186,1.675515125
28.212,0.037699,0.837758184
28.215,0.040212,0.837758184
28.218,0.042726,0.837758184
28.221,0.047752,1.675516367
28.224,0.050265,0.837758184
28.226,0.052779,1.256635413
28.229,0.055292,0.837758184
28.232,0.060319,1.675517609
28.235,0.062832,0.8377557
28.238,0.065345,0.837760667
28.241,0.067858,0.837758184
28.244,0.070372,0.8377557
28.246,0.075398,2.51327455
28.249,0.077912,0.837760667
28.252,0.080425,0.8377557
28.255,0.082938,0.837758184
28.258,0.085451,0.837758184
28.261,0.087965,0.837758184
28.264,0.090478,0.837758184
28.267,0.095504,1.675516367
28.269,0.098018,1.25663355
28.272,0.100531,0.837760667
28.275,0.103044,0.837758184
28.278,0.105558,0.8377557
28.281,0.108071,0.837760667
28.284,0.110584,0.8377557
28.287,0.113097,0.837758184
28.289,0.115611,1.256641001
28.292,0.118124,0.8377557
28.295,0.120637,0.837760667
28.298,0.12315,0.8377557
28.301,0.125664,0.8377557
28.304,0.128177,0.837763151
28.307,0.13069,0.837758184
28.31,0.133204,0.837753216
28.313,0.135717,0.837763151
28.316,0.13823,0.837753216
28.32,0.140743,0.628318638
28.323,0.143257,0.837763151
28.327,0.14577,0.628314912
28.331,0.148283,0.628322363
28.334,0.150796,0.837753216
28.338,0.15331,0.628318638
28.342,0.155823,0.628322363
28.346,0.158336,0.628314912
28.351,0.16085,0.50265491
28.355,0.163363,0.628318638
28.36,0.165876,0.50265491
28.365,0.168389,0.50265491
28.37,0.170903,0.50265491
28.376,0.173416,0.418879092
28.382,0.175929,0.418879092
28.389,0.178442,0.359039222
28.396,0.180956,0.359039222
28.405,0.183469,0.279252728
28.417,0.185982,0.209439546
28.436,0.188496,0.132277608
28.46,0.185982,-0.104719773
28.48,0.183469,-0.125663728
28.492,0.180956,-0.209439546
28.501,0.178442,-0.279252728
28.51,0.175929,-0.279252728
28.517,0.173416,-0.359039222
28.524,0.170903,-0.359039222
28.53,0.168389,-0.418879092
28.536,0.165876,-0.418879092
28.541,0.163363,-0.50265491
28.546,0.16085,-0.50265491
28.551,0.158336,-0.50265491
28.556,0.155823,-0.50265193
28.561,0.15331,-0.50265789
28.565,0.150796,-0.628318638
28.57,0.148283,-0.50265193
28.574,0.14577,-0.628322363
28.578,0.143257,-0.628314912
28.582,0.140743,-0.628322363
28.586,0.13823,-0.628318638
28.59,0.135717,-0.628314912
28.594,0.133204,-0.628322363
28.597,0.13069,-0.837753216
28.601,0.128177,-0.628318638
28.605,0.125664,-0.628322363
28.608,0.12315,-0.8377557
28.611,0.120637,-0.8377557
28.615,0.118124,-0.6283205
28.618,0.115611,-0.8377557
28.621,0.113097,-0.837760667
28.625,0.110584,-0.628318638
28.628,0.108071,-0.8377557
28.631,0.105558,-0.837760667
28.634,0.103044,-0.8377557
28.637,0.100531,-0.837758184
28.64,0.098018,-0.837760667
28.643,0.095504,-0.8377557
28.646,0.092991,-0.837758184
28.649,0.090478,-0.837758184
28.652,0.087965,-0.837758184
28.655,0.085451,-0.837758184
28.658,0.082938,-0.837758184
28.661,0.080425,-0.837758184
28.664,0.077912,-0.8377557
28.667,0.075398,-0.837760667
28.67,0.072885,-0.837758184
28.672,0.070372,-1.256637275
28.675,0.067858,-0.8377557
28.678,0.065345,-0.837758184
28.681,0.062832,-0.837760667
28.684,0.060319,-0.8377557
28.687,0.057805,-0.837758184
28.689,0.055292,-1.256639138
28.692,0.052779,-0.837758184
28.695,0.050265,-0.837756942
28.697,0.047752,-1.256637275
28.7,0.045239,-0.837758184
28.703,0.042726,-0.837758184
28.705,0.040212,-1.256637275
28.708,0.037699,-0.837758184
28.711,0.035186,-0.837758184
28.714,0.032673,-0.837756942
28.716,0.030159,-1.256637275
28.719,0.027646,-0.837758804
28.722,0.025133,-0.837757563
28.724,0.022619,-1.256637275
28.727,0.020106,-0.837758184
28.73,0.017593,-0.837758184
28.732,0.01508,-1.256636344
28.735,0.012566,-0.837758184
28.738,0.010053,-0.837758184
28.74,0.00754,-1.25663681
28.743,0.005027,-0.837758184
28.745,0.002513,-1.256637042
28.748,0,-0.837758028
28.751,0,0
28.751,-0.002513,0
28.754,-0.005027,-0.837758028
28.757,-0.00754,-0.837758184
28.76,-0.010053,-0.837757873
28.763,-0.012566,-0.837758184
28.766,-0.01508,-0.837758184
28.769,-0.017593,-0.837757563
28.772,-0.020106,-0.837758184
28.775,-0.022619,-0.837758184
28.778,-0.025133,-0.837758184
28.781,-0.030159,-1.675516367
28.784,-0.032673,-0.837758184
28.787,-0.035186,-0.837756942
28.79,-0.037699,-0.837758184
28.793,-0.040212,-0.837758184
28.796,-0.042726,-0.837758184
28.799,-0.045239,-0.837758184
28.802,-0.047752,-0.837758184
28.805,-0.050265,-0.837758184
28.808,-0.052779,-0.837756942
28.811,-0.055292,-0.837758184
28.814,-0.060319,-1.675517609
28.817,-0.062832,-0.8377557
28.82,-0.065345,-0.837760667
28.823,-0.067858,-0.837758184
28.826,-0.070372,-0.8377557
28.829,-0.072885,-0.837758184
28.833,-0.075398,-0.628318638
28.836,-0.077912,-0.837760667
28.839,-0.080425,-0.8377557
28.842,-0.082938,-0.837758184
28.845,-0.085451,-0.837758184
28.848,-0.087965,-0.837758184
28.851,-0.090478,-0.837758184
28.854,-0.092991,-0.837758184
28.857,-0.095504,-0.837758184
28.86,-0.098018,-0.8377557
28.863,-0.100531,-0.837760667
28.866,-0.103044,-0.837758184
28.87,-0.105558,-0.628316775
28.873,-0.108071,-0.837760667
28.877,-0.110584,-0.628316775
28.88,-0.113097,-0.837758184
28.884,-0.115611,-0.6283205
28.887,-0.118124,-0.8377557
28.891,-0.120637,-0.6283205
28.895,-0.12315,-0.628316775
28.899,-0.125664,-0.628316775
28.903,-0.128177,-0.628322363
28.907,-0.13069,-0.628318638
28.911,-0.133204,-0.628314912
28.915,-0.135717,-0.628322363
28.919,-0.13823,-0.628314912
28.924,-0.140743,-0.50265491
28.929,-0.143257,-0.50265789
28.934,-0.14577,-0.50265193
28.939,-0.148283,-0.50265789
28.944,-0.150796,-0.50265193
28.949,-0.15331,-0.50265491
28.955,-0.155823,-0.418881575
28.962,-0.158336,-0.359037093
28.968,-0.16085,-0.418879092
28.976,-0.163363,-0.314159319
28.984,-0.165876,-0.314159319
28.994,-0.168389,-0.251327455
29.006,-0.170903,-0.209439546
29.026,-0.173416,-0.125663728
29.058,-0.170903,0.07853983
29.079,-0.168389,0.119679741
29.092,-0.165876,0.193328812
29.103,-0.163363,0.228479505
29.112,-0.16085,0.279252728
29.121,-0.158336,0.279252728
29.128,-0.155823,0.359037093
29.135,-0.15331,0.35904135
29.142,-0.150796,0.359039222
29.148,-0.148283,0.418876608
29.155,-0.14577,0.35904135
29.16,-0.143257,0.50265193
29.166,-0.140743,0.418881575
29.171,-0.13823,0.50265491
29.177,-0.135717,0.418876608
29.182,-0.133204,0.50265789
29.187,-0.13069,0.50265193
29.192,-0.128177,0.50265491
29.196,-0.125664,0.628322363
29.201,-0.12315,0.50265342
29.205,-0.120637,0.628316775
29.21,-0.118124,0.5026564
29.214,-0.115611,0.628316775
29.218,-0.113097,0.6283205
29.223,-0.110584,0.50265491
29.227,-0.108071,0.628316775
29.231,-0.105558,0.6283205
29.235,-0.103044,0.628316775
29.239,-0.100531,0.628318638
29.243,-0.098018,0.6283205
29.246,-0.095504,0.8377557
29.25,-0.092991,0.628318638
29.254,-0.090478,0.628318638
29.258,-0.087965,0.628318638
29.262,-0.085451,0.628318638
29.265,-0.082938,0.837758184
29.269,-0.080425,0.628318638
29.273,-0.077912,0.628316775
29.276,-0.075398,0.837760667
29.28,-0.072885,0.628318638
29.283,-0.070372,0.837758184
29.287,-0.067858,0.628316775
29.291,-0.065345,0.628318638
29.294,-0.062832,0.837760667
29.298,-0.060319,0.628316775
29.301,-0.057805,0.837758184
29.305,-0.055292,0.628319569
29.308,-0.052779,0.837758184
29.312,-0.050265,0.628317706
29.315,-0.047752,0.837758184
29.319,-0.045239,0.628318638
29.322,-0.042726,0.837758184
29.325,-0.040212,0.837758184
29.329,-0.037699,0.628318638
29.332,-0.035186,0.837758184
29.336,-0.032673,0.628317706
29.339,-0.030159,0.837758184
29.343,-0.027646,0.628319103
29.346,-0.025133,0.837757563
29.35,-0.022619,0.628318638
29.353,-0.020106,0.837758184
29.357,-0.017593,0.628318638
29.36,-0.01508,0.837757563
29.364,-0.012566,0.628318638
29.367,-0.010053,0.837758184
29.371,-0.00754,0.628318405
29.374,-0.005027,0.837758184
29.378,-0.002513,0.628318521
29.381,0,0.837758028
29.382,0,0
29.386,0.002513,0.628318521
29.39,0.005027,0.628318521
29.393,0.00754,0.837758184
29.397,0.010053,0.628318405
29.401,0.012566,0.628318638
29.404,0.01508,0.837758184
29.408,0.017593,0.628318172
29.412,0.020106,0.628318638
29.416,0.022619,0.628318638
29.42,0.025133,0.628318638
29.423,0.027646,0.837757563
29.427,0.030159,0.628319103
29.432,0.032673,0.50265491
29.436,0.035186,0.628317706
29.44,0.037699,0.628318638
29.444,0.040212,0.628318638
29.448,0.042726,0.628318638
29.452,0.045239,0.628318638
29.457,0.047752,0.50265491
29.461,0.050265,0.628318638
29.466,0.052779,0.502654165
29.47,0.055292,0.628318638
29.475,0.057805,0.502655655
29.48,0.060319,0.50265491
29.485,0.062832,0.50265342
29.49,0.065345,0.5026564
29.496,0.067858,0.418879092
29.501,0.070372,0.50265342
29.507,0.072885,0.418879092
29.513,0.075398,0.418879092
29.519,0.077912,0.418880334
29.525,0.080425,0.41887785
29.532,0.082938,0.359039222
29.54,0.085451,0.314159319
29.548,0.087965,0.314159319
29.557,0.090478,0.279252728
29.567,0.092991,0.251327455
29.579,0.095504,0.209439546
29.596,0.098018,0.147839241
29.665,0.095504,-0.036424161
29.682,0.092991,-0.147839679
29.696,0.090478,-0.179519611
29.708,0.087965,-0.209439546
29.718,0.085451,-0.251327455
29.728,0.082938,-0.251327455
29.736,0.080425,-0.314159319
29.745,0.077912,-0.2792519
29.753,0.075398,-0.31416025
29.76,0.072885,-0.359039222
29.768,0.070372,-0.314159319
29.775,0.067858,-0.359038157
29.782,0.065345,-0.359039222
29.789,0.062832,-0.359040286
29.795,0.060319,-0.41887785
29.802,0.057805,-0.359039222
29.808,0.055292,-0.418879713
29.814,0.052779,-0.418879092
29.82,0.050265,-0.418878471
29.826,0.047752,-0.418879092
29.831,0.045239,-0.50265491
29.837,0.042726,-0.418879092
29.843,0.040212,-0.418879092
29.848,0.037699,-0.50265491
29.853,0.035186,-0.50265491
29.859,0.032673,-0.418878471
29.864,0.030159,-0.50265491
29.869,0.027646,-0.502655283
29.874,0.025133,-0.502654538
29.879,0.022619,-0.50265491
29.885,0.020106,-0.418879092
29.89,0.017593,-0.50265491
29.895,0.01508,-0.502654538
29.899,0.012566,-0.628318638
29.904,0.010053,-0.50265491
29.909,0.00754,-0.502654724
29.914,0.005027,-0.50265491
29.919,0.002513,-0.502654817
29.924,0,-0.502654817
29.929,0,0
29.93,-0.002513,-2.513274085
29.935,-0.005027,-0.502654817
29.94,-0.00754,-0.50265491
29.945,-0.010053,-0.502654724
29.95,-0.012566,-0.50265491
29.955,-0.01508,-0.50265491
29.961,-0.017593,-0.418878781
29.966,-0.020106,-0.50265491
29.971,-0.022619,-0.50265491
29.976,-0.025133,-0.50265491
29.981,-0.027646,-0.502654538
29.986,-0.030159,-0.502655283
29.992,-0.032673,-0.418879092
29.997,-0.035186,-0.502654165
30.003,-0.037699,-0.418879092
30.008,-0.040212,-0.50265491
30.014,-0.042726,-0.418879092
30.019,-0.045239,-0.50265491
30.025,-0.047752,-0.418879092
30.031,-0.050265,-0.418879092
30.037,-0.052779,-0.418878471
30.043,-0.055292,-0.418879092
30.05,-0.057805,-0.359039754
30.056,-0.060319,-0.418879092
30.063,-0.062832,-0.359038157
30.07,-0.065345,-0.359040286
30.077,-0.067858,-0.359039222
30.085,-0.070372,-0.314158388
30.093,-0.072885,-0.314159319
30.102,-0.075398,-0.279252728
30.111,-0.077912,-0.279253556
30.121,-0.080425,-0.25132671
30.132,-0.082938,-0.228479505
30.144,-0.085451,-0.209439546
30.16,-0.087965,-0.157079659
30.182,-0.090478,-0.114239752
30.247,-0.087965,0.038665762
30.272,-0.085451,0.100530982
30.291,-0.082938,0.132277608
30.306,-0.080425,0.167551637
30.32,-0.077912,0.179519079
30.332,-0.075398,0.209440167
30.344,-0.072885,0.209439546
30.356,-0.070372,0.209439546
30.367,-0.067858,0.228478827
30.378,-0.065345,0.228479505
30.388,-0.062832,0.2513282
30.399,-0.060319,0.228478827
30.409,-0.057805,0.251327455
30.419,-0.055292,0.251327828
30.429,-0.052779,0.251327455
30.438,-0.050265,0.279252314
30.448,-0.047752,0.251327455
30.457,-0.045239,0.279252728
30.466,-0.042726,0.279252728
30.475,-0.040212,0.279252728
30.484,-0.037699,0.279252728
30.493,-0.035186,0.279252728
30.502,-0.032673,0.279252314
30.51,-0.030159,0.314159319
30.519,-0.027646,0.279252935
30.528,-0.025133,0.279252521
30.537,-0.022619,0.279252728
30.545,-0.020106,0.314159319
30.554,-0.017593,0.279252728
30.563,-0.01508,0.279252521
30.572,-0.012566,0.279252728
30.581,-0.010053,0.279252728
30.591,-0.00754,0.251327362
30.6,-0.005027,0.279252728
30.61,-0.002513,0.251327409
30.621,0,0.228479462
30.623,0,0
30.634,0.002513,0.228479462
30.645,0.005027,0.228479462
30.657,0.00754,0.209439546
30.669,0.010053,0.209439468
30.683,0.012566,0.179519611
30.699,0.01508,0.157079659
30.717,0.017593,0.13962626
30.739,0.020106,0.114239752
30.778,0.022619,0.064442937
30.824,0.020106,-0.054636403
30.871,0.017593,-0.053473927
30.902,0.01508,-0.081073313
30.929,0.012566,-0.093084243
30.953,0.010053,-0.104719773
30.976,0.00754,-0.109272766
31,0.005027,-0.104719773
31.025,0.002513,-0.100530963
31.054,0,-0.086664624
31.096,0,0
31.112,-0.002513,-0.15707963
31.19,0,0.032221463
31.214,0,0
31.351,0.002513,0.018345066
31.406,0,-0.045695893
